,position,link,asin,is_lightning_deal,deal_type,starts_at,ends_at,type,title,image,deal_price_lower,deal_price_upper,deal_price,list_price_lower,list_price_upper,list_price,current_price_lower,current_price_upper,current_price,merchant_name,free_shipping,is_prime,is_map,deal_id,seller_id,description,rating,ratings_total,page,asins_in_deal
0,1,https://www.amazon.com/deal/1c2ccaf6?showVariations=true,B099X96YV8,True,LIGHTNING_DEAL,2022-07-01T05:00:00.487Z,2022-07-14T06:55:00.487Z,multi_item,Toshiba HD Smart Fire TVs Starting at $129.99 (32-inch to 43-inch),https://m.media-amazon.com/images/G/01/kindle/journeys/M2M0OGUzMzIt/M2M0OGUzMzIt-ZmJlNzQ4MTct-w210.jpg,"{'value': 129.99, 'currency': 'USD', 'symbol': '$', 'raw': '129.99'}","{'value': 189.99, 'currency': 'USD', 'symbol': '$', 'raw': '189.99'}","{'value': 129.99, 'currency': 'USD', 'symbol': '$', 'raw': '129.99 - 189.99', 'name': 'Deal Price'}","{'value': 199.99, 'currency': 'USD', 'symbol': '$', 'raw': '199.99'}","{'value': 289.99, 'currency': 'USD', 'symbol': '$', 'raw': '289.99'}","{'value': 199.99, 'currency': 'USD', 'symbol': '$', 'raw': '199.99 - 289.99', 'name': 'List Price'}","{'value': 199.99, 'currency': 'USD', 'symbol': '$', 'raw': '199.99'}","{'value': 289.99, 'currency': 'USD', 'symbol': '$', 'raw': '289.99'}","{'value': 199.99, 'currency': 'USD', 'symbol': '$', 'raw': '199.99 - 289.99', 'name': 'Current Price'}",Best Buy,False,False,False,1c2ccaf6,ANSF0RE9FUP82,0,4.58,1009,1,
1,2,https://www.amazon.com/deal/24f374dc?showVariations=true,B08Z265BJH,True,LIGHTNING_DEAL,2022-07-01T05:00:00.487Z,2022-07-14T06:55:00.487Z,multi_item,Insignia 4K Smart Fire TVs Starting at $189.99 (43-inch to 75-inch),https://m.media-amazon.com/images/G/01/kindle/journeys/M2M0OGUzMzIt/M2M0OGUzMzIt-MzQzZGU2MTAt-w210.jpg,"{'value': 189.99, 'currency': 'USD', 'symbol': '$', 'raw': '189.99'}","{'value': 599.99, 'currency': 'USD', 'symbol': '$', 'raw': '599.99'}","{'value': 189.99, 'currency': 'USD', 'symbol': '$', 'raw': '189.99 - 599.99', 'name': 'Deal Price'}","{'value': 299.99, 'currency': 'USD', 'symbol': '$', 'raw': '299.99'}","{'value': 849.99, 'currency': 'USD', 'symbol': '$', 'raw': '849.99'}","{'value': 299.99, 'currency': 'USD', 'symbol': '$', 'raw': '299.99 - 849.99', 'name': 'List Price'}","{'value': 299.99, 'currency': 'USD', 'symbol': '$', 'raw': '299.99'}","{'value': 849.99, 'currency': 'USD', 'symbol': '$', 'raw': '849.99'}","{'value': 299.99, 'currency': 'USD', 'symbol': '$', 'raw': '299.99 - 849.99', 'name': 'Current Price'}",Best Buy,False,False,False,24f374dc,ANSF0RE9FUP82,0,4.6,4774,1,
2,3,https://www.amazon.com/deal/e7876434?showVariations=true,B0875M44Y5,True,LIGHTNING_DEAL,2022-07-01T05:00:00.487Z,2022-07-14T06:55:00.487Z,multi_item,Insignia HD Smart Fire TVs Starting at $89.99 (24-inch to 39-inch),https://m.media-amazon.com/images/G/01/kindle/journeys/M2M0OGUzMzIt/M2M0OGUzMzIt-OWM3ZGE5NTYt-w210.jpg,"{'value': 89.99, 'currency': 'USD', 'symbol': '$', 'raw': '89.99'}","{'value': 149.99, 'currency': 'USD', 'symbol': '$', 'raw': '149.99'}","{'value': 89.99, 'currency': 'USD', 'symbol': '$', 'raw': '89.99 - 149.99', 'name': 'Deal Price'}","{'value': 169.99, 'currency': 'USD', 'symbol': '$', 'raw': '169.99'}","{'value': 229.99, 'currency': 'USD', 'symbol': '$', 'raw': '229.99'}","{'value': 169.99, 'currency': 'USD', 'symbol': '$', 'raw': '169.99 - 229.99', 'name': 'List Price'}","{'value': 169.99, 'currency': 'USD', 'symbol': '$', 'raw': '169.99'}","{'value': 229.99, 'currency': 'USD', 'symbol': '$', 'raw': '229.99'}","{'value': 169.99, 'currency': 'USD', 'symbol': '$', 'raw': '169.99 - 229.99', 'name': 'Current Price'}",Best Buy,False,False,False,e7876434,ANSF0RE9FUP82,0,4.52,26425,1,
3,4,https://www.amazon.com/deal/ddff84bf?showVariations=true,B09K9FP7TM,True,LIGHTNING_DEAL,2022-07-01T05:00:00.487Z,2022-07-14T06:55:00.487Z,multi_item,Toshiba 4K Smart Fire TVs Starting at $229.99 (43-inch to 75-inch),https://m.media-amazon.com/images/G/01/kindle/journeys/M2M0OGUzMzIt/M2M0OGUzMzIt-ODgxOWU5ZTIt-w210.jpg,"{'value': 229.99, 'currency': 'USD', 'symbol': '$', 'raw': '229.99'}","{'value': 699.99, 'currency': 'USD', 'symbol': '$', 'raw': '699.99'}","{'value': 229.99, 'currency': 'USD', 'symbol': '$', 'raw': '229.99 - 699.99', 'name': 'Deal Price'}","{'value': 329.99, 'currency': 'USD', 'symbol': '$', 'raw': '329.99'}","{'value': 1399.99, 'currency': 'USD', 'symbol': '$', 'raw': '1399.99'}","{'value': 329.99, 'currency': 'USD', 'symbol': '$', 'raw': '329.99 - 1399.99', 'name': 'List Price'}","{'value': 329.99, 'currency': 'USD', 'symbol': '$', 'raw': '329.99'}","{'value': 1399.99, 'currency': 'USD', 'symbol': '$', 'raw': '1399.99'}","{'value': 329.99, 'currency': 'USD', 'symbol': '$', 'raw': '329.99 - 1399.99', 'name': 'Current Price'}",Best Buy,False,False,False,ddff84bf,ANSF0RE9FUP82,0,4.12,62,1,
4,5,https://www.amazon.com/deal/17102bc9?showVariations=true,B09F3WL125,True,LIGHTNING_DEAL,2022-07-01T05:00:00.487Z,2022-07-14T06:55:00.487Z,multi_item,Pioneer 4K Smart Fire TVs Starting at 199.99 (43-inch & 50-inch),https://m.media-amazon.com/images/G/01/kindle/journeys/M2M0OGUzMzIt/M2M0OGUzMzIt-ZWNiM2IxZGMt-w210.jpg,"{'value': 199.99, 'currency': 'USD', 'symbol': '$', 'raw': '199.99'}","{'value': 249.99, 'currency': 'USD', 'symbol': '$', 'raw': '249.99'}","{'value': 199.99, 'currency': 'USD', 'symbol': '$', 'raw': '199.99 - 249.99', 'name': 'Deal Price'}","{'value': 319.99, 'currency': 'USD', 'symbol': '$', 'raw': '319.99'}","{'value': 419.99, 'currency': 'USD', 'symbol': '$', 'raw': '419.99'}","{'value': 319.99, 'currency': 'USD', 'symbol': '$', 'raw': '319.99 - 419.99', 'name': 'List Price'}","{'value': 319.99, 'currency': 'USD', 'symbol': '$', 'raw': '319.99'}","{'value': 419.99, 'currency': 'USD', 'symbol': '$', 'raw': '419.99'}","{'value': 319.99, 'currency': 'USD', 'symbol': '$', 'raw': '319.99 - 419.99', 'name': 'Current Price'}",Best Buy,False,False,False,17102bc9,ANSF0RE9FUP82,0,4.64,488,1,
5,6,https://www.amazon.com/All-New-Insignia-NS-42F201NA22-42-inch-Released/dp/B08X7GBPSJ,B08X7GBPSJ,True,LIGHTNING_DEAL,2022-07-01T05:00:00.487Z,2022-07-14T06:55:00.487Z,single_item,Insignia 42-inch Full HD Smart Fire TV,https://m.media-amazon.com/images/G/01/kindle/journeys/M2M0OGUzMzIt/M2M0OGUzMzIt-ZTE0OTI1NTEt-w210.jpg,,,"{'value': 169.99, 'currency': 'USD', 'symbol': '$', 'raw': '169.99', 'name': 'Deal Price'}",,,"{'value': 269.99, 'currency': 'USD', 'symbol': '$', 'raw': '269.99', 'name': 'List Price'}",,,"{'value': 269.99, 'currency': 'USD', 'symbol': '$', 'raw': '269.99', 'name': 'Current Price'}",Best Buy,False,False,False,65d6083e,ANSF0RE9FUP82,0,4.46,5010,1,['B08X7GBPSJ']
6,7,https://www.amazon.com/All-New-Toshiba-55-inch-Hands-Free-55M550KU/dp/B09K8ZY7KF,B09K8ZY7KF,True,LIGHTNING_DEAL,2022-07-01T05:00:00.488Z,2022-07-14T06:55:00.488Z,single_item,Toshiba 55-inch 4K UHD Smart Fire TV with Far Field Technology,https://m.media-amazon.com/images/G/01/kindle/journeys/M2M0OGUzMzIt/M2M0OGUzMzIt-YzI0YzQ0NDQt-w210.jpg,,,"{'value': 349.99, 'currency': 'USD', 'symbol': '$', 'raw': '349.99', 'name': 'Deal Price'}",,,"{'value': 799.99, 'currency': 'USD', 'symbol': '$', 'raw': '799.99', 'name': 'List Price'}",,,"{'value': 799.99, 'currency': 'USD', 'symbol': '$', 'raw': '799.99', 'name': 'Current Price'}",Best Buy,False,False,False,3abe525a,ANSF0RE9FUP82,0,4.12,62,1,['B09K8ZY7KF']
7,8,https://www.amazon.com/Insignia-NS-32DF310NA19-32-inch-720p-Smart/dp/B07FPP6TB5,B07FPP6TB5,True,LIGHTNING_DEAL,2022-06-21T05:00:00.488Z,2022-07-14T06:55:00.488Z,single_item,Insignia 32-inch HD Smart Fire TV,https://m.media-amazon.com/images/G/01/kindle/journeys/M2M0OGUzMzIt/M2M0OGUzMzIt-ZmU4ODJhNjkt-w210.jpg,,,"{'value': 99.99, 'currency': 'USD', 'symbol': '$', 'raw': '99.99', 'name': 'Deal Price'}",,,"{'value': 179.99, 'currency': 'USD', 'symbol': '$', 'raw': '179.99', 'name': 'List Price'}",,,"{'value': 179.99, 'currency': 'USD', 'symbol': '$', 'raw': '179.99', 'name': 'Current Price'}",Best Buy,False,False,False,95f50ffe,ANSF0RE9FUP82,0,4.61,52455,1,['B07FPP6TB5']
8,9,https://www.amazon.com/amazon-fire-tv-50-inch-4-series-4k-smart-tv/dp/B08SVZ775L,B08SVZ775L,False,BEST_DEAL,2022-06-28T16:10:00.488Z,2022-07-11T18:55:00.488Z,single_item,Amazon Fire TV 50-inch 4-Series 4K UHD Smart TV,https://m.media-amazon.com/images/G/01/kindle/journeys/YzQ1ODEyNTMt/YzQ1ODEyNTMt-NjI3NmVlNmQt-w210.jpg,,,"{'value': 259.99, 'currency': 'USD', 'symbol': '$', 'raw': '259.99', 'name': 'Deal Price'}",,,"{'value': 469.99, 'currency': 'USD', 'symbol': '$', 'raw': '469.99', 'name': 'List Price'}",,,"{'value': 469.99, 'currency': 'USD', 'symbol': '$', 'raw': '469.99', 'name': 'Current Price'}",Amazon.com,False,True,False,90cc303e,ATVPDKIKX0DER,Prime Members only and while supplies last. Valid only when shipped and sold by Amazon.com,4.61,12335,1,
9,10,https://www.amazon.com/deal/a80ca90c?showVariations=true,B08T6J1HG8,False,BEST_DEAL,2022-06-28T15:00:00.488Z,2022-07-05T14:55:00.488Z,multi_item,Up to 40% off Amazon Fire TV Omni Series 4K UHD Smart TVs,https://m.media-amazon.com/images/G/01/kindle/journeys/YzQ1ODEyNTMt/YzQ1ODEyNTMt-OWZmNWUwYzct-w210.jpg,"{'value': 299.99, 'currency': 'USD', 'symbol': '$', 'raw': '299.99'}","{'value': 749.99, 'currency': 'USD', 'symbol': '$', 'raw': '749.99'}","{'value': 299.99, 'currency': 'USD', 'symbol': '$', 'raw': '299.99 - 749.99', 'name': 'Deal Price'}","{'value': 409.99, 'currency': 'USD', 'symbol': '$', 'raw': '409.99'}","{'value': 1099.99, 'currency': 'USD', 'symbol': '$', 'raw': '1099.99'}","{'value': 409.99, 'currency': 'USD', 'symbol': '$', 'raw': '409.99 - 1099.99', 'name': 'List Price'}","{'value': 299.99, 'currency': 'USD', 'symbol': '$', 'raw': '299.99'}","{'value': 749.99, 'currency': 'USD', 'symbol': '$', 'raw': '749.99'}","{'value': 299.99, 'currency': 'USD', 'symbol': '$', 'raw': '299.99 - 749.99', 'name': 'Current Price'}",Amazon.com,False,True,False,a80ca90c,ATVPDKIKX0DER,Shipped and sold by Amazon.com,4.57,8706,1,
10,11,https://www.amazon.com/amazon-fire-tv-43-inch-4-series-4k-smart-tv/dp/B08SWD2SCK,B08SWD2SCK,False,BEST_DEAL,2022-06-28T16:10:00.488Z,2022-07-11T18:55:00.488Z,single_item,Amazon Fire TV 43-inch 4-Series 4K UHD Smart TV,https://m.media-amazon.com/images/G/01/kindle/journeys/YzQ1ODEyNTMt/YzQ1ODEyNTMt-MzJiN2I2NmUt-w210.jpg,,,"{'value': 199.99, 'currency': 'USD', 'symbol': '$', 'raw': '199.99', 'name': 'Deal Price'}",,,"{'value': 369.99, 'currency': 'USD', 'symbol': '$', 'raw': '369.99', 'name': 'List Price'}",,,"{'value': 369.99, 'currency': 'USD', 'symbol': '$', 'raw': '369.99', 'name': 'Current Price'}",Amazon.com,False,True,False,985581ad,ATVPDKIKX0DER,Prime Members only and while supplies last. Valid only when shipped and sold by Amazon.com,4.61,12335,1,
11,12,https://www.amazon.com/amazon-fire-tv-55-inch-omni-series-4k-smart-tv/dp/B08P3QVFMK,B08P3QVFMK,False,BEST_DEAL,2022-06-28T16:10:00.489Z,2022-07-11T18:55:00.489Z,single_item,Amazon Fire TV 55-inch Omni Series 4K UHD Smart TV,https://m.media-amazon.com/images/G/01/kindle/journeys/YzQ1ODEyNTMt/YzQ1ODEyNTMt-OWZmNWUwYzct-w210.jpg,,,"{'value': 299.99, 'currency': 'USD', 'symbol': '$', 'raw': '299.99', 'name': 'Deal Price'}",,,"{'value': 559.99, 'currency': 'USD', 'symbol': '$', 'raw': '559.99', 'name': 'List Price'}",,,"{'value': 559.99, 'currency': 'USD', 'symbol': '$', 'raw': '559.99', 'name': 'Current Price'}",Amazon.com,False,True,False,0e7e5333,ATVPDKIKX0DER,Prime Members only and while supplies last. Valid only when shipped and sold by Amazon.com,4.57,8706,1,
12,13,https://www.amazon.com/amazon-fire-tv-55-inch-4-series-4k-smart-tv/dp/B08P3QB66R,B08P3QB66R,False,BEST_DEAL,2022-06-28T15:00:00.489Z,2022-07-05T14:55:00.489Z,single_item,Amazon Fire TV 55-inch 4-Series 4K UHD Smart TV,https://m.media-amazon.com/images/G/01/kindle/journeys/YzQ1ODEyNTMt/YzQ1ODEyNTMt-OWQxZjQ4Zjgt-w210.jpg,,,"{'value': 349.99, 'currency': 'USD', 'symbol': '$', 'raw': '349.99', 'name': 'Deal Price'}",,,"{'value': 519.99, 'currency': 'USD', 'symbol': '$', 'raw': '519.99', 'name': 'List Price'}",,,"{'value': 349.99, 'currency': 'USD', 'symbol': '$', 'raw': '349.99', 'name': 'Current Price'}",Amazon.com,False,True,False,f02d8240,ATVPDKIKX0DER,Shipped and sold by Amazon.com,4.61,12335,1,
13,14,https://www.amazon.com/Sony-Inch-Ultra-A80K-Playstation%C2%AE/dp/B09R9JPSTH,B09R9JPSTH,False,BEST_DEAL,2022-07-04T07:00:00.489Z,2022-07-18T06:59:59.489Z,single_item,Sony 65 Inch A80K 4K Ultra HD BRAVIA XR OLED Smart Google TV ,https://m.media-amazon.com/images/I/41UDU+hPNDL.jpg,,,"{'value': 1998, 'currency': 'USD', 'symbol': '$', 'raw': '1998', 'name': 'Deal Price'}",,,"{'value': 2299.99, 'currency': 'USD', 'symbol': '$', 'raw': '2299.99', 'name': 'List Price'}",,,"{'value': 1998, 'currency': 'USD', 'symbol': '$', 'raw': '1998', 'name': 'Current Price'}",Amazon.com,False,True,False,e2666349,ATVPDKIKX0DER,On sale for limited time only. Valid while supplies last and when shipped & sold by Amazon.com.,5.0,4,1,
14,15,https://www.amazon.com/Sony-A80J-Inch-Compatibility-XR55A80J/dp/B08TKN5XTP,B08TKN5XTP,False,BEST_DEAL,2022-07-01T07:00:00.489Z,2022-07-18T06:59:59.489Z,single_item,Sony 55 inch A80J XR OLED 4K Ultra HD Smart Google TV ,https://m.media-amazon.com/images/I/41Gn9aoWpCL.jpg,,,"{'value': 998, 'currency': 'USD', 'symbol': '$', 'raw': '998', 'name': 'Deal Price'}",,,"{'value': 1899.99, 'currency': 'USD', 'symbol': '$', 'raw': '1899.99', 'name': 'List Price'}",,,"{'value': 998, 'currency': 'USD', 'symbol': '$', 'raw': '998', 'name': 'Current Price'}",Amazon.com,False,True,False,9d2e1d2d,ATVPDKIKX0DER,On sale for limited time only. Valid while supplies last and when shipped & sold by Amazon.com.,4.7,1480,1,
15,16,https://www.amazon.com/Certified-Refurbished-Remote-controls-streaming/dp/B08C1RDH7K,B08C1RDH7K,False,BEST_DEAL,2022-07-02T07:00:00.489Z,2022-07-14T06:59:59.489Z,single_item,Certified Refurbished Fire TV Stick with Alexa Voice Remote,https://m.media-amazon.com/images/I/41qHHjZDc3L.jpg,,,"{'value': 15.99, 'currency': 'USD', 'symbol': '$', 'raw': '15.99', 'name': 'Deal Price'}",,,"{'value': 34.99, 'currency': 'USD', 'symbol': '$', 'raw': '34.99', 'name': 'List Price'}",,,"{'value': 34.99, 'currency': 'USD', 'symbol': '$', 'raw': '34.99', 'name': 'Current Price'}",Amazon.com,False,True,False,aca31e9b,ATVPDKIKX0DER,While supplies last. Valid only when shipped and sold by Amazon.com,2.79,17,1,
16,17,https://www.amazon.com/deal/31a88115?showVariations=true,B07F84C1BL,False,BEST_DEAL,2022-07-02T07:00:00.489Z,2022-07-14T06:59:59.489Z,multi_item,Certified Refurbished Fire TV Stick 4K with Alexa Voice Remote,https://m.media-amazon.com/images/I/31gFK-y4+ZL.jpg,,,"{'value': 22.49, 'currency': 'USD', 'symbol': '$', 'raw': '22.49', 'name': 'Deal Price'}",,,"{'value': 44.99, 'currency': 'USD', 'symbol': '$', 'raw': '44.99', 'name': 'List Price'}",,,"{'value': 44.99, 'currency': 'USD', 'symbol': '$', 'raw': '44.99', 'name': 'Current Price'}",Amazon.com,False,True,False,31a88115,ATVPDKIKX0DER,While supplies last. Valid only when shipped and sold by Amazon.com,4.6,22071,1,
17,18,https://www.amazon.com/deal/b83b47b4?showVariations=true,B08DMPXJP9,False,BEST_DEAL,2022-07-04T07:00:00.489Z,2022-07-12T06:59:59.489Z,multi_item,VEVOR branded products,https://m.media-amazon.com/images/I/41L5kxk027L.jpg,"{'value': 42.83, 'currency': 'USD', 'symbol': '$', 'raw': '42.83'}","{'value': 1020.45, 'currency': 'USD', 'symbol': '$', 'raw': '1020.45'}","{'value': 42.83, 'currency': 'USD', 'symbol': '$', 'raw': '42.83 - 1020.45', 'name': 'Deal Price'}","{'value': 49.99, 'currency': 'USD', 'symbol': '$', 'raw': '49.99'}","{'value': 1299.99, 'currency': 'USD', 'symbol': '$', 'raw': '1299.99'}","{'value': 49.99, 'currency': 'USD', 'symbol': '$', 'raw': '49.99 - 1299.99', 'name': 'List Price'}","{'value': 49.99, 'currency': 'USD', 'symbol': '$', 'raw': '49.99'}","{'value': 1299.99, 'currency': 'USD', 'symbol': '$', 'raw': '1299.99'}","{'value': 49.99, 'currency': 'USD', 'symbol': '$', 'raw': '49.99 - 1299.99', 'name': 'Current Price'}",Amazon.com,False,True,False,b83b47b4,ATVPDKIKX0DER,While supplies last. Valid only when shipped and sold by Amazon.com,5.0,7,1,
18,19,https://www.amazon.com/All-New-Hisense-50-Inch-Quantum-50U6HF/dp/B09WNJT9X3,B09WNJT9X3,False,BEST_DEAL,2022-06-17T07:00:00.489Z,2022-07-12T06:59:59.489Z,single_item,Hisense Fire TV,https://m.media-amazon.com/images/I/41s1rgkjVDL.jpg,,,"{'value': 399.99, 'currency': 'USD', 'symbol': '$', 'raw': '399.99', 'name': 'Deal Price'}",,,"{'value': 529.99, 'currency': 'USD', 'symbol': '$', 'raw': '529.99', 'name': 'List Price'}",,,"{'value': 529.99, 'currency': 'USD', 'symbol': '$', 'raw': '529.99', 'name': 'Current Price'}",Amazon.com,False,True,False,b030025f,ATVPDKIKX0DER,On sale for a limited time only. Offer valid while supplies last and when shipped from and sold by Amazon.com,3.82,15,1,
19,20,https://www.amazon.com/Inflatable-OUTTOY-Projection-Backyard-Celebrations-16FT/dp/B07T9XZR16,B07T9XZR16,False,BEST_DEAL,2022-07-04T07:00:00.489Z,2022-07-11T06:45:00.489Z,multi_item,"Inflatable Movie Screen Outdoor, OUTTOY Inflatable Projection Screen with Quiet Fan and Storage Bag, Easy Set up, Mega Blow Up Screen for Backyard Movie Night, Theme Parties, Celebrations",https://m.media-amazon.com/images/I/413JGg3GAIL._SY500_.jpg,"{'value': 110.49, 'currency': 'USD', 'symbol': '$', 'raw': '110.49'}","{'value': 118.99, 'currency': 'USD', 'symbol': '$', 'raw': '118.99'}","{'value': 110.49, 'currency': 'USD', 'symbol': '$', 'raw': '110.49 - 118.99', 'name': 'Deal Price'}","{'value': 199.99, 'currency': 'USD', 'symbol': '$', 'raw': '199.99'}","{'value': 229.99, 'currency': 'USD', 'symbol': '$', 'raw': '229.99'}","{'value': 199.99, 'currency': 'USD', 'symbol': '$', 'raw': '199.99 - 229.99', 'name': 'List Price'}","{'value': 110.49, 'currency': 'USD', 'symbol': '$', 'raw': '110.49'}","{'value': 118.99, 'currency': 'USD', 'symbol': '$', 'raw': '118.99'}","{'value': 110.49, 'currency': 'USD', 'symbol': '$', 'raw': '110.49 - 118.99', 'name': 'Current Price'}",Outtoy,False,True,False,4a7ce0f2,A22PR7CA0S0K9Z,"Inflatable Movie Screen Outdoor, OUTTOY Inflatable Projection Screen with Quiet Fan and Storage Bag, Easy Set up, Mega Blow Up Screen for Backyard Movie Night, Theme Parties, Celebrations",4.55,977,1,
20,21,https://www.amazon.com/Mounting-Dream-Articulating-600x400mm-MD2617/dp/B08JTW2ZCP,B08JTW2ZCP,False,BEST_DEAL,2022-07-04T07:00:00.489Z,2022-07-11T06:45:00.489Z,single_item,"Mounting Dream Full Motion TV Wall Mount Swivel and Tilt for Most 42-75 Inch Flat Screen TV, UL listed TV Mount Bracket with Articulating Dual Arms, Max VESA 600x400mm, 100 lbs, Fits 16"" Studs, MD2617",https://m.media-amazon.com/images/I/41wGGTkaPQL._SY500_.jpg,,,"{'value': 46.74, 'currency': 'USD', 'symbol': '$', 'raw': '46.74', 'name': 'Deal Price'}",,,"{'value': 62.79, 'currency': 'USD', 'symbol': '$', 'raw': '62.79', 'name': 'List Price'}",,,"{'value': 46.74, 'currency': 'USD', 'symbol': '$', 'raw': '46.74', 'name': 'Current Price'}",Mounting Dream,False,True,False,bb68785a,A2QJV1LHQIKRFO,"Mounting Dream Full Motion TV Wall Mount Swivel and Tilt for Most 42-75 Inch Flat Screen TV, UL listed TV Mount Bracket with Articulating Dual Arms, Max VESA 600x400mm, 100 lbs, Fits 16"" Studs, MD2617",4.76,5988,1,
21,22,https://www.amazon.com/Certified-Refurbished-Fire-TV-Cube/dp/B07RQ3SWKY,B07RQ3SWKY,False,BEST_DEAL,2022-07-02T07:00:00.490Z,2022-07-14T06:59:59.490Z,single_item,"Certified Refurbished Fire TV Cube with Alexa 4K Ultra HD, streaming media player",https://m.media-amazon.com/images/I/3152gs4+fBL.jpg,,,"{'value': 49.99, 'currency': 'USD', 'symbol': '$', 'raw': '49.99', 'name': 'Deal Price'}",,,"{'value': 99.99, 'currency': 'USD', 'symbol': '$', 'raw': '99.99', 'name': 'List Price'}",,,"{'value': 99.99, 'currency': 'USD', 'symbol': '$', 'raw': '99.99', 'name': 'Current Price'}",Amazon.com,False,True,False,12d02005,ATVPDKIKX0DER,While supplies last. Valid only when shipped and sold by Amazon.com,4.54,1947,1,
22,23,https://www.amazon.com/Pipishell-Articulating-Extension-Leveling-400x400mm/dp/B09MQKK4TW,B09MQKK4TW,False,BEST_DEAL,2022-07-04T07:00:00.490Z,2022-07-11T06:45:00.490Z,single_item,"Pipishell TV Wall Mount for 26-55 inch TVs, Full Motion TV Mount Bracket with Articulating Swivel Extension Tilting Leveling Max VESA 400x400mm Holds up to 99lbs for LED LCD OLED 4K Flat Curved Screen",https://m.media-amazon.com/images/I/41JPR+VblYL._SY500_.jpg,,,"{'value': 36.54, 'currency': 'USD', 'symbol': '$', 'raw': '36.54', 'name': 'Deal Price'}",,,"{'value': 49.99, 'currency': 'USD', 'symbol': '$', 'raw': '49.99', 'name': 'List Price'}",,,"{'value': 36.54, 'currency': 'USD', 'symbol': '$', 'raw': '36.54', 'name': 'Current Price'}",Pipishell,False,True,False,c50f1eb4,A1RF5A5RGY99BX,"Pipishell TV Wall Mount for 26-55 inch TVs, Full Motion TV Mount Bracket with Articulating Swivel Extension Tilting Leveling Max VESA 400x400mm Holds up to 99lbs for LED LCD OLED 4K Flat Curved Screen",4.75,472,1,
23,24,https://www.amazon.com/VIVOHOME-Inch-Manual-Projector-Screen/dp/B08MJPBMW5,B08MJPBMW5,False,BEST_DEAL,2022-07-04T07:00:00.490Z,2022-07-11T06:45:00.490Z,multi_item,"VIVOHOME 80"" 100"" 120"" Manual Pull Down Projector Screen for Movie Home Theater Cinema Office Video Game",https://m.media-amazon.com/images/I/51pMb+RAe4S._SY500_.jpg,"{'value': 74.79, 'currency': 'USD', 'symbol': '$', 'raw': '74.79'}","{'value': 84.99, 'currency': 'USD', 'symbol': '$', 'raw': '84.99'}","{'value': 74.79, 'currency': 'USD', 'symbol': '$', 'raw': '74.79 - 84.99', 'name': 'Deal Price'}","{'value': 99.99, 'currency': 'USD', 'symbol': '$', 'raw': '99.99'}","{'value': 129.99, 'currency': 'USD', 'symbol': '$', 'raw': '129.99'}","{'value': 99.99, 'currency': 'USD', 'symbol': '$', 'raw': '99.99 - 129.99', 'name': 'List Price'}","{'value': 74.79, 'currency': 'USD', 'symbol': '$', 'raw': '74.79'}","{'value': 84.99, 'currency': 'USD', 'symbol': '$', 'raw': '84.99'}","{'value': 74.79, 'currency': 'USD', 'symbol': '$', 'raw': '74.79 - 84.99', 'name': 'Current Price'}",VIVOHOME,False,True,False,c5ab885f,A1LJO3FZJ9NMOU,"VIVOHOME 80"" 100"" 120"" Manual Pull Down Projector Screen for Movie Home Theater Cinema Office Video Game",4.56,1307,1,
24,25,https://www.amazon.com/Megatek-Region-Free-Connection-Full-HD-Upscaling/dp/B07PNMTP1Y,B07PNMTP1Y,False,BEST_DEAL,2022-07-04T07:00:00.490Z,2022-07-11T06:45:00.490Z,single_item,"MEGATEK Multi-Region DVD Player for TV with HDMI (1080p Upscaling), CD Player for Home, USB Port, Coaxial Digital Out, Compact Design with Durable Metal Housing, with Remote & 5ft HDMI Cable",https://m.media-amazon.com/images/I/41CFouTLGmL._SY500_.jpg,,,"{'value': 33.95, 'currency': 'USD', 'symbol': '$', 'raw': '33.95', 'name': 'Deal Price'}",,,"{'value': 44.99, 'currency': 'USD', 'symbol': '$', 'raw': '44.99', 'name': 'List Price'}",,,"{'value': 33.95, 'currency': 'USD', 'symbol': '$', 'raw': '33.95', 'name': 'Current Price'}",Megatek Electronics,False,True,False,38cf9a12,A3JWGEKKVHELF3,"MEGATEK Multi-Region DVD Player for TV with HDMI (1080p Upscaling), CD Player for Home, USB Port, Coaxial Digital Out, Compact Design with Durable Metal Housing, with Remote & 5ft HDMI Cable",4.27,7975,1,
25,26,https://www.amazon.com/MOUNTUP-17-7-Inch-Articulating-400x400mm-MU0009/dp/B07ZYV3LP3,B07ZYV3LP3,False,BEST_DEAL,2022-07-04T07:00:00.490Z,2022-07-11T06:45:00.490Z,multi_item,MOUNTUP TV Wall Mount for Most 30-55 inch Flat/Curved TVs,https://m.media-amazon.com/images/I/411AxxkO-EL._SY500_.jpg,"{'value': 19.99, 'currency': 'USD', 'symbol': '$', 'raw': '19.99'}","{'value': 25.49, 'currency': 'USD', 'symbol': '$', 'raw': '25.49'}","{'value': 19.99, 'currency': 'USD', 'symbol': '$', 'raw': '19.99 - 25.49', 'name': 'Deal Price'}","{'value': 35.99, 'currency': 'USD', 'symbol': '$', 'raw': '35.99'}","{'value': 39.99, 'currency': 'USD', 'symbol': '$', 'raw': '39.99'}","{'value': 35.99, 'currency': 'USD', 'symbol': '$', 'raw': '35.99 - 39.99', 'name': 'List Price'}","{'value': 19.99, 'currency': 'USD', 'symbol': '$', 'raw': '19.99'}","{'value': 25.49, 'currency': 'USD', 'symbol': '$', 'raw': '25.49'}","{'value': 19.99, 'currency': 'USD', 'symbol': '$', 'raw': '19.99 - 25.49', 'name': 'Current Price'}",MOUNTUP,False,True,False,f4ce763c,A3O3GHLAAB8VWC,MOUNTUP TV Wall Mount for Most 30-55 inch Flat/Curved TVs,4.7,3328,1,
26,27,https://www.amazon.com/Swivels-Articulating-Extends-400x400mm-Perlegear/dp/B08F3VC85B,B08F3VC85B,False,BEST_DEAL,2022-07-04T07:00:00.490Z,2022-07-11T06:45:00.490Z,single_item,"Full Motion TV Wall Mount for 23-55 Inch Flat Curved TVs with Swivel Articulating Extends Tilt Arm, Single Stud Perfect Center Design TV Bracket Max VESA 400x400mm up to 88lbs by Perlegear, PGMF5",https://m.media-amazon.com/images/I/41fBwMLX9ZS._SY500_.jpg,,,"{'value': 19.04, 'currency': 'USD', 'symbol': '$', 'raw': '19.04', 'name': 'Deal Price'}",,,"{'value': 39.96, 'currency': 'USD', 'symbol': '$', 'raw': '39.96', 'name': 'List Price'}",,,"{'value': 19.04, 'currency': 'USD', 'symbol': '$', 'raw': '19.04', 'name': 'Current Price'}",Perlegear,False,True,False,27d68a73,A2I73WNBHVNEY8,"Full Motion TV Wall Mount for 23-55 Inch Flat Curved TVs with Swivel Articulating Extends Tilt Arm, Single Stud Perfect Center Design TV Bracket Max VESA 400x400mm up to 88lbs by Perlegear, PGMF5",4.68,2792,1,
27,28,https://www.amazon.com/Player-Foramor-Support-Control-Players/dp/B07V82TGYJ,B07V82TGYJ,False,BEST_DEAL,2022-07-04T07:00:00.490Z,2022-07-11T06:45:00.490Z,single_item,"DVD Player,Foramor HDMI DVD Player for Smart TV Support 1080P Full HD with HDMI Cable Remote Control USB Input Region Free Home DVD Players",https://m.media-amazon.com/images/I/41F0SHkrWkL._SY500_.jpg,,,"{'value': 25.49, 'currency': 'USD', 'symbol': '$', 'raw': '25.49', 'name': 'Deal Price'}",,,"{'value': 45.99, 'currency': 'USD', 'symbol': '$', 'raw': '45.99', 'name': 'List Price'}",,,"{'value': 25.49, 'currency': 'USD', 'symbol': '$', 'raw': '25.49', 'name': 'Current Price'}",Seewon-US,False,True,False,e06f9ac1,A3MQMU470WBH2E,"DVD Player,Foramor HDMI DVD Player for Smart TV Support 1080P Full HD with HDMI Cable Remote Control USB Input Region Free Home DVD Players",4.26,4140,1,
28,29,https://www.amazon.com/s/browse/?ie=UTF8&node=12286034011,B09XPTSYNL,False,BEST_DEAL,2022-07-01T07:00:00.490Z,2022-07-15T07:00:00.489Z,multi_item,"Save on VEVOR Projector Screen, 110"" 16:9 4K/8K Ultra HDR, Pull Up Projector Screen, Portable Floor-Rising Projection Screen, Indoor Outdoor Movie Screen w/ Storage Bag for Home Backyard Theater Office and more",https://m.media-amazon.com/images/I/41s7YOhFyJL.jpg,"{'value': 45.35, 'currency': 'USD', 'symbol': '$', 'raw': '45.35'}","{'value': 526.49, 'currency': 'USD', 'symbol': '$', 'raw': '526.49'}","{'value': 45.35, 'currency': 'USD', 'symbol': '$', 'raw': '45.35 - 526.49', 'name': 'Deal Price'}","{'value': 55.99, 'currency': 'USD', 'symbol': '$', 'raw': '55.99'}","{'value': 649.99, 'currency': 'USD', 'symbol': '$', 'raw': '649.99'}","{'value': 55.99, 'currency': 'USD', 'symbol': '$', 'raw': '55.99 - 649.99', 'name': 'List Price'}","{'value': 45.35, 'currency': 'USD', 'symbol': '$', 'raw': '45.35'}","{'value': 526.49, 'currency': 'USD', 'symbol': '$', 'raw': '526.49'}","{'value': 45.35, 'currency': 'USD', 'symbol': '$', 'raw': '45.35 - 526.49', 'name': 'Current Price'}",Amazon.com,False,True,False,b3332f83,ATVPDKIKX0DER,"Save on VEVOR Projector Screen, 110"" 16:9 4K/8K Ultra HDR, Pull Up Projector Screen, Portable Floor-Rising Projection Screen, Indoor Outdoor Movie Screen w/ Storage Bag for Home Backyard Theater Office and more",0.0,0,1,
29,30,https://www.amazon.com/Cleaning-Multi-Function-Charging-Earphone-Headphone/dp/B09XMPTFM3,B09XMPTFM3,False,BEST_DEAL,2022-07-04T07:00:00.490Z,2022-07-11T06:45:00.490Z,single_item,"Cleaner Kit for Airpod,Supfine Airpods Pro Cleaning Pen,Multi-Function Cleaner Kit Soft Brush for Phone Charging Port,Earbuds,Earpods,Earphone,Headphone, iPod,Case,iPhone,ipad,Laptop(White)",https://m.media-amazon.com/images/I/41uCCJzSmBL._SY500_.jpg,,,"{'value': 8.49, 'currency': 'USD', 'symbol': '$', 'raw': '8.49', 'name': 'Deal Price'}",,,"{'value': 19.99, 'currency': 'USD', 'symbol': '$', 'raw': '19.99', 'name': 'List Price'}",,,"{'value': 8.49, 'currency': 'USD', 'symbol': '$', 'raw': '8.49', 'name': 'Current Price'}",wawowa,False,True,False,73bff4bf,A19CZSEGEM5LK2,"Cleaner Kit for Airpod,Supfine Airpods Pro Cleaning Pen,Multi-Function Cleaner Kit Soft Brush for Phone Charging Port,Earbuds,Earpods,Earphone,Headphone, iPod,Case,iPhone,ipad,Laptop(White)",4.22,69,1,
30,31,https://www.amazon.com/Projector-Screen-120-inch-Frame/dp/B08T97FBL9,B08T97FBL9,False,BEST_DEAL,2022-07-04T07:00:00.490Z,2022-07-11T06:45:00.490Z,single_item,Projector Screen 120 inch with Frame 16:9 HD 4K Movies Screen Portable Widescreen Foldable Anti-Crease Indoor Outdoor Projection Movies Screen for Home Theater Match Party,https://m.media-amazon.com/images/I/51XpoEKh3ML._SY500_.jpg,,,"{'value': 39.94, 'currency': 'USD', 'symbol': '$', 'raw': '39.94', 'name': 'Deal Price'}",,,"{'value': 59.99, 'currency': 'USD', 'symbol': '$', 'raw': '59.99', 'name': 'List Price'}",,,"{'value': 39.94, 'currency': 'USD', 'symbol': '$', 'raw': '39.94', 'name': 'Current Price'}",HOIN,False,True,False,293ab3be,A2J1XIZIOCM89U,Projector Screen 120 inch with Frame 16:9 HD 4K Movies Screen Portable Widescreen Foldable Anti-Crease Indoor Outdoor Projection Movies Screen for Home Theater Match Party,4.04,155,1,
31,32,https://www.amazon.com/Mounting-Dream-Tilting-Capacity-MD2268-MK/dp/B00NKZ5R28,B00NKZ5R28,False,BEST_DEAL,2022-07-04T07:00:00.490Z,2022-07-11T06:45:00.490Z,single_item,"Mounting Dream Tilting TV Mounts for Most 26-55 Inch LED, LCD TVs up to VESA 400 x 400mm and 88 LBS Loading Capacity, TV Wall Mount with Unique Strap Design for Easily Lock and Release MD2268-MK",https://m.media-amazon.com/images/I/41Km7t-F05L._SY500_.jpg,,,"{'value': 18.69, 'currency': 'USD', 'symbol': '$', 'raw': '18.69', 'name': 'Deal Price'}",,,"{'value': 29.99, 'currency': 'USD', 'symbol': '$', 'raw': '29.99', 'name': 'List Price'}",,,"{'value': 18.69, 'currency': 'USD', 'symbol': '$', 'raw': '18.69', 'name': 'Current Price'}",Mounting Dream,False,True,False,4d72a2f7,A2QJV1LHQIKRFO,"Mounting Dream Tilting TV Mounts for Most 26-55 Inch LED, LCD TVs up to VESA 400 x 400mm and 88 LBS Loading Capacity, TV Wall Mount with Unique Strap Design for Easily Lock and Release MD2268-MK",4.7,15827,1,
32,33,https://www.amazon.com/fire-tv-stick-4k-max-luna-controller-bundle/dp/B09BPDBQBV,B09BPDBQBV,False,BEST_DEAL,2022-06-21T05:00:00.490Z,2022-07-05T14:55:00.490Z,multi_item,Prime members save on Fire TV Gaming Bundle with Fire TV Stick 4K Max and Luna Controller,https://m.media-amazon.com/images/I/31wEBVt9xsL.jpg,,,,,,,,,,Amazon.com,False,False,False,c9fc0911,ATVPDKIKX0DER,While supplies last. Valid only when shipped and sold by Amazon.com.,0.0,0,1,
33,34,https://www.amazon.com/Gaming-Bundle-including-Stick-Controller/dp/B09SMGNVJK,B09SMGNVJK,False,BEST_DEAL,2022-06-21T05:00:00.490Z,2022-07-05T14:55:00.490Z,multi_item,Prime members save on Fire TV Gaming Bundle including Fire TV Stick 4K and Luna Controller,https://m.media-amazon.com/images/I/31GAqJ6JTZS.jpg,,,,,,,,,,Amazon.com,False,False,False,b90d8d77,ATVPDKIKX0DER,While supplies last. Valid only when shipped and sold by Amazon.com.,0.0,0,1,
34,35,https://www.amazon.com/dp/B01BTTHXZU/?psc=1,B01BTTHXZU,False,BEST_DEAL,2022-06-30T07:00:00.490Z,2022-07-18T06:59:59.490Z,multi_item,Sony BDP-S6700 4K Upscaling 3D Streaming Home Theater Blu-Ray Disc Player,https://m.media-amazon.com/images/I/21KU6jO2neL.jpg,,,,,,,,,,Amazon.com,False,False,False,94ea54ca,ATVPDKIKX0DER,On sale for limited time only. Valid while supplies last and when shipped & sold by Amazon.com.,0.0,0,1,
35,36,https://www.amazon.com/dp/B09R9NT3FT/?psc=1,B09R9NT3FT,False,BEST_DEAL,2022-06-30T07:00:00.490Z,2022-07-18T06:59:59.490Z,multi_item,Sony 55 Inch X85K 4K Ultra HD LED Smart Google TV Dolby Vision HDR ,https://m.media-amazon.com/images/I/41FNoZ9juXL.jpg,,,,,,,,,,Amazon.com,False,False,False,16400bbc,ATVPDKIKX0DER,On sale for limited time only. Valid while supplies last and when shipped & sold by Amazon.com.,0.0,0,1,
36,37,https://www.amazon.com/dp/B09R9RTQ92/?psc=1,B09R9RTQ92,False,BEST_DEAL,2022-06-30T07:00:00.490Z,2022-07-18T06:59:59.490Z,multi_item,Sony 55 Inch X90K 4K Ultra HD BRAVIA XR Full Array LED Smart TV ,https://m.media-amazon.com/images/I/41vpyDk1eBL.jpg,,,,,,,,,,Amazon.com,False,False,False,c737bbc1,ATVPDKIKX0DER,On sale for limited time only. Valid while supplies last and when shipped & sold by Amazon.com.,0.0,0,1,
37,38,https://www.amazon.com/PERLESMITH-Extension-Articulating-Supports-PSMFK9/dp/B09N91Z3ZY,B09N91Z3ZY,False,BEST_DEAL,2022-07-04T07:00:00.491Z,2022-07-11T06:45:00.491Z,single_item,"PERLESMITH TV Wall Mount Full Motion for 32-55 Inch Flat Curved Screen TVs, TV Mount with Swivels Tilts Extension Dual Articulating Bracket Arms Supports TV up to 99 lbs Max VESA 400x400,PSMFK9",https://m.media-amazon.com/images/I/41b-ns9LJwL._SY500_.jpg,,,"{'value': 33.99, 'currency': 'USD', 'symbol': '$', 'raw': '33.99', 'name': 'Deal Price'}",,,"{'value': 49.99, 'currency': 'USD', 'symbol': '$', 'raw': '49.99', 'name': 'List Price'}",,,"{'value': 33.99, 'currency': 'USD', 'symbol': '$', 'raw': '33.99', 'name': 'Current Price'}",PERLESMITH,False,True,False,ec3bf4bb,A2RX6V9DXIIDP9,"PERLESMITH TV Wall Mount Full Motion for 32-55 Inch Flat Curved Screen TVs, TV Mount with Swivels Tilts Extension Dual Articulating Bracket Arms Supports TV up to 99 lbs Max VESA 400x400,PSMFK9",4.73,115,1,
38,39,https://www.amazon.com/Suptek-Tilting-Bracket-Capacity-MT4204/dp/B07D9G7TGL,B07D9G7TGL,False,BEST_DEAL,2022-07-04T07:00:00.491Z,2022-07-11T06:45:00.491Z,single_item,Suptek TV Wall Mount,https://m.media-amazon.com/images/I/41VErwgrBxL._SY500_.jpg,,,"{'value': 10.89, 'currency': 'USD', 'symbol': '$', 'raw': '10.89', 'name': 'Deal Price'}",,,"{'value': 19.99, 'currency': 'USD', 'symbol': '$', 'raw': '19.99', 'name': 'List Price'}",,,"{'value': 10.89, 'currency': 'USD', 'symbol': '$', 'raw': '10.89', 'name': 'Current Price'}",Suptek,False,True,False,4783c1af,A2NUZ71F3C99A,Suptek TV Wall Mount,4.57,2841,1,
39,40,https://www.amazon.com/Adjustable-Bracket-Monitor-400x400mm-MAFD-L400/dp/B08LYT1SYS,B08LYT1SYS,False,BEST_DEAL,2022-07-04T07:00:00.491Z,2022-07-11T06:45:00.491Z,single_item,"Suptek Adjustable TV Wall Mount Swivel and Tilt TV Arm Bracket for Most 32-55 inch LED, LCD Monitor and Plasma TVs up to 70lbs VESA up to 400x400mm (MAFD-L400)",https://m.media-amazon.com/images/I/418Gqw0HpNL._SY500_.jpg,,,"{'value': 16.99, 'currency': 'USD', 'symbol': '$', 'raw': '16.99', 'name': 'Deal Price'}",,,,,,"{'value': 16.99, 'currency': 'USD', 'symbol': '$', 'raw': '16.99', 'name': 'Current Price'}",YB-US,False,True,False,2974ade7,A2GYMAOGBVELPH,"Suptek Adjustable TV Wall Mount Swivel and Tilt TV Arm Bracket for Most 32-55 inch LED, LCD Monitor and Plasma TVs up to 70lbs VESA up to 400x400mm (MAFD-L400)",4.65,7170,1,
40,41,https://www.amazon.com/Universal-Screen-Height-Adjustable-1000x800mm/dp/B08RRT8S1H,B08RRT8S1H,False,BEST_DEAL,2022-07-04T07:00:00.491Z,2022-07-11T06:45:00.491Z,multi_item,"Universal TV Stand Table Top for 27 to 85 Inch LED LCD Flat Screen TV, Height Adjustable Leg Stand Holds up to 110lbs, VESA up to 1000x800mm (ML2785)",https://m.media-amazon.com/images/I/31m23Ek2mkL._SY500_.jpg,"{'value': 16.14, 'currency': 'USD', 'symbol': '$', 'raw': '16.14'}","{'value': 21.24, 'currency': 'USD', 'symbol': '$', 'raw': '21.24'}","{'value': 16.14, 'currency': 'USD', 'symbol': '$', 'raw': '16.14 - 21.24', 'name': 'Deal Price'}",,,"{'value': 29.99, 'currency': 'USD', 'symbol': '$', 'raw': '29.99', 'name': 'List Price'}","{'value': 16.14, 'currency': 'USD', 'symbol': '$', 'raw': '16.14'}","{'value': 21.24, 'currency': 'USD', 'symbol': '$', 'raw': '21.24'}","{'value': 16.14, 'currency': 'USD', 'symbol': '$', 'raw': '16.14 - 21.24', 'name': 'Current Price'}",YB-US,False,True,False,e8aa233e,A2GYMAOGBVELPH,"Universal TV Stand Table Top for 27 to 85 Inch LED LCD Flat Screen TV, Height Adjustable Leg Stand Holds up to 110lbs, VESA up to 1000x800mm (ML2785)",4.38,2536,1,
41,42,https://www.amazon.com/deal/e3c72c98,B08L3NS36G,False,BEST_DEAL,2022-07-04T07:00:00.491Z,2022-07-17T07:00:00.491Z,multi_item,Electronics and Accessories,https://m.media-amazon.com/images/I/41xaCLHmsxL.jpg,"{'value': 12.1, 'currency': 'USD', 'symbol': '$', 'raw': '12.1'}","{'value': 175.1, 'currency': 'USD', 'symbol': '$', 'raw': '175.1'}","{'value': 12.1, 'currency': 'USD', 'symbol': '$', 'raw': '12.1 - 175.1', 'name': 'Deal Price'}","{'value': 13.99, 'currency': 'USD', 'symbol': '$', 'raw': '13.99'}","{'value': 449, 'currency': 'USD', 'symbol': '$', 'raw': '449'}","{'value': 13.99, 'currency': 'USD', 'symbol': '$', 'raw': '13.99 - 449', 'name': 'List Price'}","{'value': 12.1, 'currency': 'USD', 'symbol': '$', 'raw': '12.1'}","{'value': 175.1, 'currency': 'USD', 'symbol': '$', 'raw': '175.1'}","{'value': 12.1, 'currency': 'USD', 'symbol': '$', 'raw': '12.1 - 175.1', 'name': 'Current Price'}",Amazon.com,False,True,False,e3c72c98,ATVPDKIKX0DER,Electronics and Accessories are on sale for limited time only. Valid while supplies last and when shipped & sold by Amazon.com. Discount reflected in current price.,4.48,3124,1,
42,43,https://www.amazon.com/Japard-Bracket-Profile-Screen-100x100cm/dp/B09M6TZ3SD,B09M6TZ3SD,False,BEST_DEAL,2022-07-02T17:00:00.491Z,2022-07-16T17:00:00.491Z,single_item,Japard TV Wall Mount Bracket Low Profile for 12-24 Inch Flat,https://m.media-amazon.com/images/I/31p8+e4m5GL.jpg,,,"{'value': 6.99, 'currency': 'USD', 'symbol': '$', 'raw': '6.99', 'name': 'Deal Price'}",,,"{'value': 12.99, 'currency': 'USD', 'symbol': '$', 'raw': '12.99', 'name': 'List Price'}",,,"{'value': 6.99, 'currency': 'USD', 'symbol': '$', 'raw': '6.99', 'name': 'Current Price'}",Japard,False,True,False,af753b7a,A112YARAKWQV94,Japard TV Wall Mount Bracket Low Profile for 12-24 Inch Flat,0.0,0,1,
43,44,https://www.amazon.com/VIVOHOME-Outdoor-Inflatable-Projector-Projection/dp/B07ZPX8NG1,B07ZPX8NG1,False,BEST_DEAL,2022-07-04T07:00:00.491Z,2022-07-11T06:45:00.491Z,multi_item,VIVOHOME Indoor and Outdoor Inflatable Blow up Mega Movie Projector Screen with Carry Bag for Front and Rear Projection,https://m.media-amazon.com/images/I/31dTeZfAzIS._SY500_.jpg,"{'value': 135.99, 'currency': 'USD', 'symbol': '$', 'raw': '135.99'}","{'value': 237.99, 'currency': 'USD', 'symbol': '$', 'raw': '237.99'}","{'value': 135.99, 'currency': 'USD', 'symbol': '$', 'raw': '135.99 - 237.99', 'name': 'Deal Price'}",,,"{'value': 199.99, 'currency': 'USD', 'symbol': '$', 'raw': '199.99', 'name': 'List Price'}","{'value': 135.99, 'currency': 'USD', 'symbol': '$', 'raw': '135.99'}","{'value': 237.99, 'currency': 'USD', 'symbol': '$', 'raw': '237.99'}","{'value': 135.99, 'currency': 'USD', 'symbol': '$', 'raw': '135.99 - 237.99', 'name': 'Current Price'}",VIVOHOME,False,True,False,d29530a3,A1LJO3FZJ9NMOU,VIVOHOME Indoor and Outdoor Inflatable Blow up Mega Movie Projector Screen with Carry Bag for Front and Rear Projection,4.42,219,1,
44,45,https://www.amazon.com/Sony-Inch-Ultra-X80K-KD85X80K/dp/B09RYKF6H4,B09RYKF6H4,False,BEST_DEAL,2022-07-04T07:00:00.491Z,2022-07-18T06:59:59.491Z,single_item,Sony 85 Inch X80K 4K Ultra HD TV LED Smart Google TV ,https://m.media-amazon.com/images/I/41Aku1nMPXL.jpg,,,"{'value': 1798, 'currency': 'USD', 'symbol': '$', 'raw': '1798', 'name': 'Deal Price'}",,,"{'value': 2299.99, 'currency': 'USD', 'symbol': '$', 'raw': '2299.99', 'name': 'List Price'}",,,"{'value': 1798, 'currency': 'USD', 'symbol': '$', 'raw': '1798', 'name': 'Current Price'}",Amazon.com,False,True,False,3432ec79,ATVPDKIKX0DER,On sale for limited time only. Valid while supplies last and when shipped & sold by Amazon.com.,4.44,111,1,
45,46,https://www.amazon.com/Sanus-Motion-Plasma-Screen-Monitors/dp/B00UNSDI7G,B00UNSDI7G,False,BEST_DEAL,2022-07-01T10:00:00.491Z,2022-07-15T06:59:59.491Z,single_item,"Sanus Full Motion TV Wall Mount for 13""-32"" LED, LCD and Plasma Flat Screen TVs and Monitors - Extends 7 Inches - MSF07C-B1 Black",https://m.media-amazon.com/images/I/41aAwrTrKKL.jpg,,,"{'value': 46.49, 'currency': 'USD', 'symbol': '$', 'raw': '46.49', 'name': 'Deal Price'}",,,"{'value': 59.99, 'currency': 'USD', 'symbol': '$', 'raw': '59.99', 'name': 'List Price'}",,,"{'value': 46.49, 'currency': 'USD', 'symbol': '$', 'raw': '46.49', 'name': 'Current Price'}",Amazon.com,False,True,False,4337d670,ATVPDKIKX0DER,"Sanus Full Motion TV Wall Mount for 13""-32"" LED, LCD and Plasma Flat Screen TVs and Monitors - Extends 7 Inches - MSF07C-B1 Black",4.07,49,1,
46,47,https://www.amazon.com/FORGING-MOUNT-Extension-Installation-600x400mm/dp/B082W8JX6R,B082W8JX6R,False,BEST_DEAL,2022-07-04T07:00:00.491Z,2022-07-11T06:45:00.491Z,single_item,"FORGING MOUNT Long Extension TV Mount Corner Wall Mount TV Bracket Full Motion with 30 inch Long Arm for Corner/Flat Installation fits 37 to 75"" Flat/Curve TVs, VESA 600x400mm Holds up to 99lbs",https://m.media-amazon.com/images/I/416SvEfzjRL._SY500_.jpg,,,"{'value': 67.91, 'currency': 'USD', 'symbol': '$', 'raw': '67.91', 'name': 'Deal Price'}",,,"{'value': 119.99, 'currency': 'USD', 'symbol': '$', 'raw': '119.99', 'name': 'List Price'}",,,"{'value': 67.91, 'currency': 'USD', 'symbol': '$', 'raw': '67.91', 'name': 'Current Price'}",HY bracket,False,True,False,c3c1a89d,A1ZXX6XNX5CLRA,"FORGING MOUNT Long Extension TV Mount Corner Wall Mount TV Bracket Full Motion with 30 inch Long Arm for Corner/Flat Installation fits 37 to 75"" Flat/Curve TVs, VESA 600x400mm Holds up to 99lbs",4.76,2239,1,
47,48,https://www.amazon.com/s/?url=search-alias%3Daps&hidden-keywords=B086RRYQ54|B086RS3WT6|B08CNDS5V9,B086RRYQ54,False,BEST_DEAL,2022-06-25T17:00:00.491Z,2022-07-09T17:00:00.491Z,multi_item,Up to 35% discount from Sewinfla,https://m.media-amazon.com/images/I/51eMj0z9brS.jpg,"{'value': 102.89, 'currency': 'USD', 'symbol': '$', 'raw': '102.89'}","{'value': 300.99, 'currency': 'USD', 'symbol': '$', 'raw': '300.99'}","{'value': 102.89, 'currency': 'USD', 'symbol': '$', 'raw': '102.89 - 300.99', 'name': 'Deal Price'}",,,"{'value': 329.99, 'currency': 'USD', 'symbol': '$', 'raw': '329.99', 'name': 'List Price'}","{'value': 102.89, 'currency': 'USD', 'symbol': '$', 'raw': '102.89'}","{'value': 300.99, 'currency': 'USD', 'symbol': '$', 'raw': '300.99'}","{'value': 102.89, 'currency': 'USD', 'symbol': '$', 'raw': '102.89 - 300.99', 'name': 'Current Price'}",Sewinfla,False,True,False,eb2edf32,AQNUW2487BLE9,Up to 35% discount from Sewinfla,4.57,595,1,
48,49,https://www.amazon.com/BLUE-STONE-Articulating-Extension-400X400mm/dp/B09BDV4GRD,B09BDV4GRD,False,BEST_DEAL,2022-07-04T07:00:00.491Z,2022-07-11T06:45:00.491Z,single_item,"BLUE STONE Full Motion TV Wall Mount Bracket for Most 32-70 Inch TVs with Articulating Arms Swivels Tilts Extension Rotation, up to VESA 400X400mm, 121 lbs",https://m.media-amazon.com/images/I/41QldnwNICL._SY500_.jpg,,,"{'value': 35.69, 'currency': 'USD', 'symbol': '$', 'raw': '35.69', 'name': 'Deal Price'}",,,"{'value': 41.99, 'currency': 'USD', 'symbol': '$', 'raw': '41.99', 'name': 'List Price'}",,,"{'value': 35.69, 'currency': 'USD', 'symbol': '$', 'raw': '35.69', 'name': 'Current Price'}",Winstone-US,False,True,False,9cda66b1,A9IVH4XKY7H7A,"BLUE STONE Full Motion TV Wall Mount Bracket for Most 32-70 Inch TVs with Articulating Arms Swivels Tilts Extension Rotation, up to VESA 400X400mm, 121 lbs",4.67,56,1,
49,50,https://www.amazon.com/Inflatable-Outdoor-Indoor-Theater-Projector/dp/B08CVQT5PR,B08CVQT5PR,False,BEST_DEAL,2022-07-04T07:00:00.492Z,2022-07-11T06:45:00.492Z,single_item,"16 Feet Inflatable Outdoor and Indoor Theater Projector Screen - Includes Inflation Fan, Tie-Downs and Storage Bag - Only Supports Front Projection (16FT)",https://m.media-amazon.com/images/I/41wIlsJbyJL._SY500_.jpg,,,"{'value': 104.99, 'currency': 'USD', 'symbol': '$', 'raw': '104.99', 'name': 'Deal Price'}",,,"{'value': 169.99, 'currency': 'USD', 'symbol': '$', 'raw': '169.99', 'name': 'List Price'}",,,"{'value': 104.99, 'currency': 'USD', 'symbol': '$', 'raw': '104.99', 'name': 'Current Price'}",NOELEN GAD,False,True,False,1fb7df3a,A2JMEUT7XRD9UJ,"16 Feet Inflatable Outdoor and Indoor Theater Projector Screen - Includes Inflation Fan, Tie-Downs and Storage Bag - Only Supports Front Projection (16FT)",4.57,309,1,
50,51,https://www.amazon.com/Projector-Screen-Stand-Outdoor-Indoor/dp/B09JSP7B6N,B09JSP7B6N,False,BEST_DEAL,2022-07-04T07:00:00.492Z,2022-07-11T06:45:00.492Z,single_item,Projector Screen with Stand 120 inch Outdoor Indoor Projector Screen 16:9 4K HD Portable Rear Front Projection Movie Screen with Carry Bag for Home Theater Backyard Movie Night,https://m.media-amazon.com/images/I/51LE5gKWShL._SY500_.jpg,,,"{'value': 65.44, 'currency': 'USD', 'symbol': '$', 'raw': '65.44', 'name': 'Deal Price'}",,,"{'value': 129.99, 'currency': 'USD', 'symbol': '$', 'raw': '129.99', 'name': 'List Price'}",,,"{'value': 65.44, 'currency': 'USD', 'symbol': '$', 'raw': '65.44', 'name': 'Current Price'}",AZXRHWYGS,False,True,False,f958ee83,A3RDH6LZHDH23I,Projector Screen with Stand 120 inch Outdoor Indoor Projector Screen 16:9 4K HD Portable Rear Front Projection Movie Screen with Carry Bag for Home Theater Backyard Movie Night,4.32,41,1,
51,52,https://www.amazon.com/Motion-Mounts-Articulating-JUSTSTONE-Bracket/dp/B099DQ954H,B099DQ954H,False,BEST_DEAL,2022-07-04T07:00:00.492Z,2022-07-11T06:45:00.492Z,single_item,"Full Motion TV Wall Mounts with Height Adjustment，Dual Articulating Arms Swivel and Tilt for 32-70 Inch LED LCD Flat&Curved TV, TV Wall Mount Bracket for Max VESA 400x400mm and Holds Up to 121 lbs",https://m.media-amazon.com/images/I/41qlmT5kQEL._SY500_.jpg,,,"{'value': 33.69, 'currency': 'USD', 'symbol': '$', 'raw': '33.69', 'name': 'Deal Price'}",,,"{'value': 49.99, 'currency': 'USD', 'symbol': '$', 'raw': '49.99', 'name': 'List Price'}",,,"{'value': 33.69, 'currency': 'USD', 'symbol': '$', 'raw': '33.69', 'name': 'Current Price'}",TIPTOPONE,False,True,False,a947d6ac,AK4MGTB1XRQEC,"Full Motion TV Wall Mounts with Height Adjustment，Dual Articulating Arms Swivel and Tilt for 32-70 Inch LED LCD Flat&Curved TV, TV Wall Mount Bracket for Max VESA 400x400mm and Holds Up to 121 lbs",4.72,609,1,
52,53,https://www.amazon.com/Sony-Inch-Ultra-A80K-Playstation%C2%AE/dp/B09R93TWTQ,B09R93TWTQ,False,BEST_DEAL,2022-07-04T07:00:00.492Z,2022-07-11T06:59:59.492Z,single_item,Sony 55 Inch A80K 4K Ultra HD BRAVIA XR OLED Smart Google TV,https://m.media-amazon.com/images/I/41UDU+hPNDL.jpg,,,"{'value': 1698, 'currency': 'USD', 'symbol': '$', 'raw': '1698', 'name': 'Deal Price'}",,,"{'value': 1999.99, 'currency': 'USD', 'symbol': '$', 'raw': '1999.99', 'name': 'List Price'}",,,"{'value': 1698, 'currency': 'USD', 'symbol': '$', 'raw': '1698', 'name': 'Current Price'}",Amazon.com,False,True,False,2a2c5d43,ATVPDKIKX0DER,On sale for limited time only. Valid while supplies last and when shipped & sold by Amazon.com.,5.0,4,1,
53,54,https://www.amazon.com/Sony-Inch-Ultra-X90K-Playstation%C2%AE/dp/B09R9JMM67,B09R9JMM67,False,BEST_DEAL,2022-06-27T07:00:00.492Z,2022-07-18T06:59:59.492Z,single_item,Sony 65 Inch X90K 4K Ultra HD Smart Google TV Exclusive Features for The Playstation,https://m.media-amazon.com/images/I/41vpyDk1eBL.jpg,,,"{'value': 1298, 'currency': 'USD', 'symbol': '$', 'raw': '1298', 'name': 'Deal Price'}",,,"{'value': 1499.99, 'currency': 'USD', 'symbol': '$', 'raw': '1499.99', 'name': 'List Price'}",,,"{'value': 1298, 'currency': 'USD', 'symbol': '$', 'raw': '1298', 'name': 'Current Price'}",Amazon.com,False,True,False,ad57a613,ATVPDKIKX0DER,On sale for limited time only. Valid while supplies last and when shipped & sold by Amazon.com.,3.55,15,1,
54,55,https://www.amazon.com/deal/d1484d4b,B01AQAZLHU,False,BEST_DEAL,2022-07-03T07:00:00.492Z,2022-07-09T07:00:00.492Z,multi_item,Electronics Accessories & Supplies,https://m.media-amazon.com/images/I/31LMDLkY9JL.jpg,"{'value': 8.6, 'currency': 'USD', 'symbol': '$', 'raw': '8.6'}","{'value': 71.5, 'currency': 'USD', 'symbol': '$', 'raw': '71.5'}","{'value': 8.6, 'currency': 'USD', 'symbol': '$', 'raw': '8.6 - 71.5', 'name': 'Deal Price'}","{'value': 10.99, 'currency': 'USD', 'symbol': '$', 'raw': '10.99'}","{'value': 142.4, 'currency': 'USD', 'symbol': '$', 'raw': '142.4'}","{'value': 10.99, 'currency': 'USD', 'symbol': '$', 'raw': '10.99 - 142.4', 'name': 'List Price'}","{'value': 8.6, 'currency': 'USD', 'symbol': '$', 'raw': '8.6'}","{'value': 71.5, 'currency': 'USD', 'symbol': '$', 'raw': '71.5'}","{'value': 8.6, 'currency': 'USD', 'symbol': '$', 'raw': '8.6 - 71.5', 'name': 'Current Price'}",Amazon.com,False,True,False,d1484d4b,ATVPDKIKX0DER,Electronics Accessories & Supplies are on sale for limited time only. Valid while supplies last and when shipped & sold by Amazon.com. Discount reflected in current price.,4.73,403,1,
55,56,https://www.amazon.com/KDG-Setting-Articulating-Extension-400x400mm/dp/B08K7934X9,B08K7934X9,False,BEST_DEAL,2022-07-04T07:00:00.492Z,2022-07-11T06:45:00.492Z,single_item,"KDG Full Motion TV Wall Mount with Height Setting, TV Mount Bracket for Most 32-65 Inch LED LCD 4K Flat Screen Curved TV, Articulating Swivel Tilt Extension Max VESA 400x400mm Loading up to 121lbs",https://m.media-amazon.com/images/I/41tlx9-e91S._SY500_.jpg,,,"{'value': 35.69, 'currency': 'USD', 'symbol': '$', 'raw': '35.69', 'name': 'Deal Price'}",,,,,,"{'value': 35.69, 'currency': 'USD', 'symbol': '$', 'raw': '35.69', 'name': 'Current Price'}",APEXSTONE,False,True,False,46ff6894,A2KMIDMAVLX3KU,"KDG Full Motion TV Wall Mount with Height Setting, TV Mount Bracket for Most 32-65 Inch LED LCD 4K Flat Screen Curved TV, Articulating Swivel Tilt Extension Max VESA 400x400mm Loading up to 121lbs",4.66,679,1,
56,57,https://www.amazon.com/LG-86NANO90UPA-Alexa-Built-NanoCell/dp/B08WG3X2L6,B08WG3X2L6,False,BEST_DEAL,2022-06-13T07:00:00.492Z,2022-07-18T06:59:59.492Z,single_item,LG 86NANO90UPA Alexa Built-In NanoCell 90 Series 86 inch 4K Smart UHD NanoCell TV,https://m.media-amazon.com/images/I/6142AoIW1YL.jpg,,,"{'value': 1796.99, 'currency': 'USD', 'symbol': '$', 'raw': '1796.99', 'name': 'Deal Price'}",,,"{'value': 2699.99, 'currency': 'USD', 'symbol': '$', 'raw': '2699.99', 'name': 'List Price'}",,,"{'value': 1796.99, 'currency': 'USD', 'symbol': '$', 'raw': '1796.99', 'name': 'Current Price'}",Amazon.com,False,True,False,467e44d3,ATVPDKIKX0DER,"LG 86NANO90UPA Alexa Built-In NanoCell 90 Series 86"" 4K Smart UHD NanoCell TV",4.59,463,1,
57,58,https://www.amazon.com/Ceiling-BLUE-STONE-Adjustable-Telescoping/dp/B091BQTC39,B091BQTC39,False,BEST_DEAL,2022-07-04T07:00:00.492Z,2022-07-11T06:45:00.492Z,single_item,"Ceiling TV Mount,BLUE STONE Adjustable Height Telescoping Tilt and Swivel,Fits Most 28-55"" LCD LED Plasma Monitor Flat Panel Screen Display (28-55"")",https://m.media-amazon.com/images/I/41FzyaGOQUL._SY500_.jpg,,,"{'value': 33.99, 'currency': 'USD', 'symbol': '$', 'raw': '33.99', 'name': 'Deal Price'}",,,"{'value': 46.99, 'currency': 'USD', 'symbol': '$', 'raw': '46.99', 'name': 'List Price'}",,,"{'value': 33.99, 'currency': 'USD', 'symbol': '$', 'raw': '33.99', 'name': 'Current Price'}",APEXSTONE,False,True,False,141d0be5,A2KMIDMAVLX3KU,"Ceiling TV Mount,BLUE STONE Adjustable Height Telescoping Tilt and Swivel,Fits Most 28-55"" LCD LED Plasma Monitor Flat Panel Screen Display (28-55"")",4.68,49,1,
58,59,https://www.amazon.com/Bracket-Articulating-600x400mm-Loading-ELIVED/dp/B08XYSBPC5,B08XYSBPC5,False,BEST_DEAL,2022-07-04T07:00:00.492Z,2022-07-11T06:45:00.492Z,multi_item,"ELIVED UL Listed Full Motion TV Monitor Wall Mount for Most 14-42 Inch LED LCD Flat Screen TVs & Monitors, Swivels Tilts Extension Rotation, Max VESA 200x200mm, up to 33 lbs",https://m.media-amazon.com/images/I/510alb2V+4L._SY500_.jpg,"{'value': 38.24, 'currency': 'USD', 'symbol': '$', 'raw': '38.24'}","{'value': 44.19, 'currency': 'USD', 'symbol': '$', 'raw': '44.19'}","{'value': 38.24, 'currency': 'USD', 'symbol': '$', 'raw': '38.24 - 44.19', 'name': 'Deal Price'}",,,"{'value': 59.99, 'currency': 'USD', 'symbol': '$', 'raw': '59.99', 'name': 'List Price'}","{'value': 38.24, 'currency': 'USD', 'symbol': '$', 'raw': '38.24'}","{'value': 44.19, 'currency': 'USD', 'symbol': '$', 'raw': '44.19'}","{'value': 38.24, 'currency': 'USD', 'symbol': '$', 'raw': '38.24 - 44.19', 'name': 'Current Price'}",Elived Store,False,True,False,e8c4f15f,A1FHT8W4SSSB2L,"ELIVED UL Listed Full Motion TV Monitor Wall Mount for Most 14-42 Inch LED LCD Flat Screen TVs & Monitors, Swivels Tilts Extension Rotation, Max VESA 200x200mm, up to 33 lbs",4.52,1555,1,
59,60,https://www.amazon.com/Chainstone-Articulating-Extension-Rotation-400x400mm/dp/B09KKYRPLW,B09KKYRPLW,False,BEST_DEAL,2022-07-04T07:00:00.492Z,2022-07-11T06:45:00.492Z,single_item,"Chainstone Full Motion TV Wall Mount Monitor Wall Bracket for Most 28-60 Inch LED LCD OLED 4K TVs, Articulating Arms Swivel Tilt Extension Rotation Easy Center TV Mounts, Max VESA 400x400mm up 80 lbs",https://m.media-amazon.com/images/I/41bZ1TOk2IL._SY500_.jpg,,,"{'value': 23.79, 'currency': 'USD', 'symbol': '$', 'raw': '23.79', 'name': 'Deal Price'}",,,"{'value': 31.99, 'currency': 'USD', 'symbol': '$', 'raw': '31.99', 'name': 'List Price'}",,,"{'value': 23.79, 'currency': 'USD', 'symbol': '$', 'raw': '23.79', 'name': 'Current Price'}",Modaxi-US,False,True,False,504d4640,A3T12MHTGCQI3O,"Chainstone Full Motion TV Wall Mount Monitor Wall Bracket for Most 28-60 Inch LED LCD OLED 4K TVs, Articulating Arms Swivel Tilt Extension Rotation Easy Center TV Mounts, Max VESA 400x400mm up 80 lbs",4.17,20,1,
60,1,https://www.amazon.com/USB-Microphone-Podcast-Recording-Kit/dp/B084GB3697,B084GB3697,False,BEST_DEAL,2022-06-28T11:00:00.512Z,2022-07-12T06:59:59.512Z,single_item,"USB Microphone Podcast Recording Kit - Audio Cardioid Condenser Mic w/Desktop Stand and Pop Filter - for Gaming PS4, Streaming, Podcasting, Studio, YouTube, Works w/Windows Mac PC - Pyle PDMIKT120",https://m.media-amazon.com/images/I/41WhxCFHvfL.jpg,,,"{'value': 49.44, 'currency': 'USD', 'symbol': '$', 'raw': '49.44', 'name': 'Deal Price'}",,,"{'value': 68.99, 'currency': 'USD', 'symbol': '$', 'raw': '68.99', 'name': 'List Price'}",,,"{'value': 49.44, 'currency': 'USD', 'symbol': '$', 'raw': '49.44', 'name': 'Current Price'}",Amazon.com,False,True,False,51e13a90,ATVPDKIKX0DER,"USB Microphone Podcast Recording Kit - Audio Cardioid Condenser Mic w/Desktop Stand and Pop Filter - for Gaming PS4, Streaming, Podcasting, Studio, YouTube, Works w/Windows Mac PC - Pyle PDMIKT120",4.43,947,2,
61,2,https://www.amazon.com/WEMAX-Projector-100-inch-Rejecting-Projection/dp/B09LYYG4ZD,B09LYYG4ZD,False,BEST_DEAL,2022-07-04T07:00:00.512Z,2022-07-11T06:45:00.512Z,single_item,"WEMAX Projector Screen, Ambient Light Rejecting (ALR) Projection Screen for UST Ultra Short Throw Projection, Edge Free Fixed Frame Screen",https://m.media-amazon.com/images/I/41Ne4RqAObL._SY500_.jpg,,,"{'value': 424.99, 'currency': 'USD', 'symbol': '$', 'raw': '424.99', 'name': 'Deal Price'}",,,"{'value': 699.99, 'currency': 'USD', 'symbol': '$', 'raw': '699.99', 'name': 'List Price'}",,,"{'value': 424.99, 'currency': 'USD', 'symbol': '$', 'raw': '424.99', 'name': 'Current Price'}",WEMAX,False,True,False,4031410b,A39QB4ZLE3QGVV,"WEMAX Projector Screen, Ambient Light Rejecting (ALR) Projection Screen for UST Ultra Short Throw Projection, Edge Free Fixed Frame Screen",3.68,15,2,
62,3,https://www.amazon.com/JUSTSTONE-Bracket-800x400mm-Loading-Capacity/dp/B07Y1Q6F9F,B07Y1Q6F9F,False,BEST_DEAL,2022-07-04T07:00:00.512Z,2022-07-11T06:45:00.512Z,single_item,"JUSTSTONE Tilt TV Wall Mount Bracket for 40-90 Inches LED, Plasma Flat Screen Curved TVs, TV Mount with VESA 600x400mm, Fits 16"" to 24"" Studs and Loading Capacity 165 lbs, Low Profile and Space Save",https://m.media-amazon.com/images/I/41l5RAFdQdL._SY500_.jpg,,,"{'value': 31.44, 'currency': 'USD', 'symbol': '$', 'raw': '31.44', 'name': 'Deal Price'}",,,"{'value': 39.99, 'currency': 'USD', 'symbol': '$', 'raw': '39.99', 'name': 'List Price'}",,,"{'value': 31.44, 'currency': 'USD', 'symbol': '$', 'raw': '31.44', 'name': 'Current Price'}",JStone,False,True,False,840786fb,A3TP1V8ILY9RZP,"JUSTSTONE Tilt TV Wall Mount Bracket for 40-90 Inches LED, Plasma Flat Screen Curved TVs, TV Mount with VESA 600x400mm, Fits 16"" to 24"" Studs and Loading Capacity 165 lbs, Low Profile and Space Save",4.63,2756,2,
63,4,https://www.amazon.com/KDG-Bracket-Articulating-Extension-400x400mm/dp/B099DL3715,B099DL3715,False,BEST_DEAL,2022-07-04T07:00:00.512Z,2022-07-11T06:45:00.512Z,single_item,"Full Motion TV Wall Mount for 32-70 Inch Flat&Curved TV, KDG TV Mount Bracket Dual Swivel Articulating Extension Tilt Arms with VESA 400x400mm Up to 121lbs",https://m.media-amazon.com/images/I/413c1gCDLmL._SY500_.jpg,,,"{'value': 33.99, 'currency': 'USD', 'symbol': '$', 'raw': '33.99', 'name': 'Deal Price'}",,,"{'value': 59.99, 'currency': 'USD', 'symbol': '$', 'raw': '59.99', 'name': 'List Price'}",,,"{'value': 33.99, 'currency': 'USD', 'symbol': '$', 'raw': '33.99', 'name': 'Current Price'}",winstone ergonomic,False,True,False,70a2495a,A8GBSE9JCBV63,"Full Motion TV Wall Mount for 32-70 Inch Flat&Curved TV, KDG TV Mount Bracket Dual Swivel Articulating Extension Tilt Arms with VESA 400x400mm Up to 121lbs",4.66,124,2,
64,5,https://www.amazon.com/WALI-Universal-Tabletop-Screen-TVS002-W/dp/B09LCRM5SJ,B09LCRM5SJ,False,BEST_DEAL,2022-07-04T07:00:00.512Z,2022-07-11T06:45:00.512Z,multi_item,WALI Universal TV Stand Table Top for Flat Screen TV,https://m.media-amazon.com/images/I/31Yu0t+28gL._SY500_.jpg,"{'value': 12.18, 'currency': 'USD', 'symbol': '$', 'raw': '12.18'}","{'value': 15.29, 'currency': 'USD', 'symbol': '$', 'raw': '15.29'}","{'value': 12.18, 'currency': 'USD', 'symbol': '$', 'raw': '12.18 - 15.29', 'name': 'Deal Price'}",,,"{'value': 24.99, 'currency': 'USD', 'symbol': '$', 'raw': '24.99', 'name': 'List Price'}","{'value': 12.18, 'currency': 'USD', 'symbol': '$', 'raw': '12.18'}","{'value': 15.29, 'currency': 'USD', 'symbol': '$', 'raw': '15.29'}","{'value': 12.18, 'currency': 'USD', 'symbol': '$', 'raw': '12.18 - 15.29', 'name': 'Current Price'}",Wali Electric,False,True,False,380d999e,A2K3WARBVMJ9U9,WALI Universal TV Stand Table Top for Flat Screen TV,4.41,1656,2,
65,6,https://www.amazon.com/Sony-X95J-Inch-Compatibility-XR65X95J/dp/B08XLN69WS,B08XLN69WS,False,BEST_DEAL,2022-07-04T07:00:00.512Z,2022-07-18T06:59:59.512Z,single_item,Sony 65 inch X95J XR Full Array LED 4K Ultra HD Smart Google TV,https://m.media-amazon.com/images/I/41D+w6KHOAL.jpg,,,"{'value': 1298, 'currency': 'USD', 'symbol': '$', 'raw': '1298', 'name': 'Deal Price'}",,,"{'value': 1999.99, 'currency': 'USD', 'symbol': '$', 'raw': '1999.99', 'name': 'List Price'}",,,"{'value': 1298, 'currency': 'USD', 'symbol': '$', 'raw': '1298', 'name': 'Current Price'}",Amazon.com,False,True,False,11f2ab20,ATVPDKIKX0DER,On sale for limited time only. Valid while supplies last and when shipped & sold by Amazon.com.,4.52,123,2,
66,7,https://www.amazon.com/TransDeco-TD600ES-Stand-Television-Espresso/dp/B00542SLGO,B00542SLGO,False,BEST_DEAL,2022-06-23T13:00:00.512Z,2022-07-07T06:59:59.512Z,single_item,"TransDeco TV stand with mount for 35-80 inch television, Espresso/Black",https://m.media-amazon.com/images/I/413Rva9mhqL.jpg,,,"{'value': 337.84, 'currency': 'USD', 'symbol': '$', 'raw': '337.84', 'name': 'Deal Price'}",,,"{'value': 479.95, 'currency': 'USD', 'symbol': '$', 'raw': '479.95', 'name': 'List Price'}",,,"{'value': 337.84, 'currency': 'USD', 'symbol': '$', 'raw': '337.84', 'name': 'Current Price'}",Amazon.com,False,True,False,d21151f4,ATVPDKIKX0DER,"TransDeco TV stand with mount for 35-80 inch television, Espresso/Black",4.34,218,2,
67,8,https://www.amazon.com/s/browse/?ie=UTF8&node=12256355011,B08MFRDRZR,False,BEST_DEAL,2022-07-01T07:00:00.513Z,2022-07-11T07:00:00.512Z,multi_item,"Save on TV Wall Mount, Full Motion TV Wall Mount for Most 13-55 Inch LED LCD Flat Curved Screen TVs, Swivel Extension Articulating Rotation TV Mount Bracket with Max VESA 400x400mm and Holds up to 66lbs and more",https://m.media-amazon.com/images/I/41F964qHAdL.jpg,"{'value': 18.64, 'currency': 'USD', 'symbol': '$', 'raw': '18.64'}","{'value': 22.79, 'currency': 'USD', 'symbol': '$', 'raw': '22.79'}","{'value': 18.64, 'currency': 'USD', 'symbol': '$', 'raw': '18.64 - 22.79', 'name': 'Deal Price'}","{'value': 25.99, 'currency': 'USD', 'symbol': '$', 'raw': '25.99'}","{'value': 31.99, 'currency': 'USD', 'symbol': '$', 'raw': '31.99'}","{'value': 25.99, 'currency': 'USD', 'symbol': '$', 'raw': '25.99 - 31.99', 'name': 'List Price'}","{'value': 18.64, 'currency': 'USD', 'symbol': '$', 'raw': '18.64'}","{'value': 22.79, 'currency': 'USD', 'symbol': '$', 'raw': '22.79'}","{'value': 18.64, 'currency': 'USD', 'symbol': '$', 'raw': '18.64 - 22.79', 'name': 'Current Price'}",Amazon.com,False,True,False,7893a263,ATVPDKIKX0DER,"Save on TV Wall Mount, Full Motion TV Wall Mount for Most 13-55 Inch LED LCD Flat Curved Screen TVs, Swivel Extension Articulating Rotation TV Mount Bracket with Max VESA 400x400mm and Holds up to 66lbs and more",4.62,1710,2,
68,9,https://www.amazon.com/deal/60e06e5e,B01BMNXJ06,False,BEST_DEAL,2022-07-03T07:00:00.513Z,2022-07-09T07:00:00.513Z,multi_item,Electronics and Accessories,https://m.media-amazon.com/images/I/51JwzVgrNiL.jpg,"{'value': 6.9, 'currency': 'USD', 'symbol': '$', 'raw': '6.9'}","{'value': 254.1, 'currency': 'USD', 'symbol': '$', 'raw': '254.1'}","{'value': 6.9, 'currency': 'USD', 'symbol': '$', 'raw': '6.9 - 254.1', 'name': 'Deal Price'}","{'value': 18.99, 'currency': 'USD', 'symbol': '$', 'raw': '18.99'}","{'value': 449, 'currency': 'USD', 'symbol': '$', 'raw': '449'}","{'value': 18.99, 'currency': 'USD', 'symbol': '$', 'raw': '18.99 - 449', 'name': 'List Price'}","{'value': 6.9, 'currency': 'USD', 'symbol': '$', 'raw': '6.9'}","{'value': 254.1, 'currency': 'USD', 'symbol': '$', 'raw': '254.1'}","{'value': 6.9, 'currency': 'USD', 'symbol': '$', 'raw': '6.9 - 254.1', 'name': 'Current Price'}",Amazon.com,False,True,False,60e06e5e,ATVPDKIKX0DER,Electronics and Accessories are on sale for limited time only. Valid while supplies last and when shipped & sold by Amazon.com. Discount reflected in current price.,4.25,597,2,
69,10,https://www.amazon.com/Sony-Ubp-X800M2-Blu-Ray-Disc-Player/dp/B07PFRDT16,B07PFRDT16,False,BEST_DEAL,2022-07-04T07:00:00.513Z,2022-07-18T06:59:59.513Z,single_item,Sony UBP- X700M 4K Ultra HD Home Theater Streaming Blu-ray™ Player ,https://m.media-amazon.com/images/I/119w1Hy9vSL.jpg,,,"{'value': 248, 'currency': 'USD', 'symbol': '$', 'raw': '248', 'name': 'Deal Price'}",,,"{'value': 329.99, 'currency': 'USD', 'symbol': '$', 'raw': '329.99', 'name': 'List Price'}",,,"{'value': 248, 'currency': 'USD', 'symbol': '$', 'raw': '248', 'name': 'Current Price'}",Amazon.com,False,True,False,7417acb4,ATVPDKIKX0DER,On sale for limited time only. Valid while supplies last and when shipped & sold by Amazon.com,4.5,1958,2,
70,11,https://www.amazon.com/s/?url=search-alias%3Daps&hidden-keywords=B09GXBCW57|B09GXGGM78|B09HT5PR2Q|B09HT7BYY6|B09HTWGKNT|B09NBX16Q7|B09NBXJKSG,B09GXBCW57,False,BEST_DEAL,2022-06-29T05:00:00.513Z,2022-07-13T05:00:00.513Z,multi_item,Up to 30% off Electronics from ERGOJOY,https://m.media-amazon.com/images/I/31j9qiExQFL.jpg,"{'value': 32.19, 'currency': 'USD', 'symbol': '$', 'raw': '32.19'}","{'value': 86.79, 'currency': 'USD', 'symbol': '$', 'raw': '86.79'}","{'value': 32.19, 'currency': 'USD', 'symbol': '$', 'raw': '32.19 - 86.79', 'name': 'Deal Price'}","{'value': 50.99, 'currency': 'USD', 'symbol': '$', 'raw': '50.99'}","{'value': 139.99, 'currency': 'USD', 'symbol': '$', 'raw': '139.99'}","{'value': 50.99, 'currency': 'USD', 'symbol': '$', 'raw': '50.99 - 139.99', 'name': 'List Price'}","{'value': 32.19, 'currency': 'USD', 'symbol': '$', 'raw': '32.19'}","{'value': 86.79, 'currency': 'USD', 'symbol': '$', 'raw': '86.79'}","{'value': 32.19, 'currency': 'USD', 'symbol': '$', 'raw': '32.19 - 86.79', 'name': 'Current Price'}",ERGOJOY,False,True,False,36eb853b,A3OR3G6MJSF9SJ,Up to 30% off Electronics from ERGOJOY,5.0,2,2,
71,12,https://www.amazon.com/Suptek-Adjustable-Bracket-400x400mm-A1/dp/B07GKT445K,B07GKT445K,False,BEST_DEAL,2022-07-04T07:00:00.513Z,2022-07-11T06:45:00.513Z,single_item,Suptek TV Wall Mount A1 Series,https://m.media-amazon.com/images/I/41dX-ShcULL._SY500_.jpg,,,"{'value': 16.99, 'currency': 'USD', 'symbol': '$', 'raw': '16.99', 'name': 'Deal Price'}",,,"{'value': 29.99, 'currency': 'USD', 'symbol': '$', 'raw': '29.99', 'name': 'List Price'}",,,"{'value': 16.99, 'currency': 'USD', 'symbol': '$', 'raw': '16.99', 'name': 'Current Price'}",Suptek,False,True,False,e9400a90,A2NUZ71F3C99A,Suptek TV Wall Mount A1 Series,4.54,1555,2,
72,13,https://www.amazon.com/s/?url=search-alias%3Daps&hidden-keywords=B08QCZ7VTS|B07D7VL9D7,B08QCZ7VTS,False,BEST_DEAL,2022-07-02T17:00:00.513Z,2022-07-16T17:00:00.513Z,multi_item,Up to 30% discount from AC Doctor INC,https://m.media-amazon.com/images/I/412tbdqnGvS.jpg,"{'value': 17.5, 'currency': 'USD', 'symbol': '$', 'raw': '17.5'}","{'value': 23.22, 'currency': 'USD', 'symbol': '$', 'raw': '23.22'}","{'value': 17.5, 'currency': 'USD', 'symbol': '$', 'raw': '17.5 - 23.22', 'name': 'Deal Price'}","{'value': 44.26, 'currency': 'USD', 'symbol': '$', 'raw': '44.26'}","{'value': 50.82, 'currency': 'USD', 'symbol': '$', 'raw': '50.82'}","{'value': 44.26, 'currency': 'USD', 'symbol': '$', 'raw': '44.26 - 50.82', 'name': 'List Price'}","{'value': 17.5, 'currency': 'USD', 'symbol': '$', 'raw': '17.5'}","{'value': 23.22, 'currency': 'USD', 'symbol': '$', 'raw': '23.22'}","{'value': 17.5, 'currency': 'USD', 'symbol': '$', 'raw': '17.5 - 23.22', 'name': 'Current Price'}",AC Doctor INC,False,True,False,06e264c4,A2A4JVS8WIICPK,Up to 30% discount from AC Doctor INC,5.0,4,2,
73,14,https://www.amazon.com/Projector-100-inch-CENTURY-STAR-Outdoor-Wrinkle-Free/dp/B0B1DJ7DPM,B0B1DJ7DPM,False,BEST_DEAL,2022-07-04T07:00:00.513Z,2022-07-11T06:45:00.513Z,multi_item,Projector Screen and Stand CENTURY-STAR 16:9 4K 3D Front Rear Anti-Crease Outdoor Projection Screen Portable Movie Screen with Carry Bag,https://m.media-amazon.com/images/I/51T0mITsaAL._SY500_.jpg,"{'value': 90.09, 'currency': 'USD', 'symbol': '$', 'raw': '90.09'}","{'value': 91.79, 'currency': 'USD', 'symbol': '$', 'raw': '91.79'}","{'value': 90.09, 'currency': 'USD', 'symbol': '$', 'raw': '90.09 - 91.79', 'name': 'Deal Price'}",,,,"{'value': 90.09, 'currency': 'USD', 'symbol': '$', 'raw': '90.09'}","{'value': 91.79, 'currency': 'USD', 'symbol': '$', 'raw': '91.79'}","{'value': 90.09, 'currency': 'USD', 'symbol': '$', 'raw': '90.09 - 91.79', 'name': 'Current Price'}",QIFUTONG,False,True,False,f6192b7f,A2IPEZDUZLERH2,Projector Screen and Stand CENTURY-STAR 16:9 4K 3D Front Rear Anti-Crease Outdoor Projection Screen Portable Movie Screen with Carry Bag,4.47,68,2,
74,15,https://www.amazon.com/s/?url=search-alias%3Daps&hidden-keywords=B07QL4F7MN|B07VV4FXSJ|B07WLP5VS5,B07QL4F7MN,False,BEST_DEAL,2022-06-29T05:00:00.513Z,2022-07-13T05:00:00.513Z,multi_item,Deals from YJY SHOP,https://m.media-amazon.com/images/I/41eEVVupZuL.jpg,"{'value': 9.09, 'currency': 'USD', 'symbol': '$', 'raw': '9.09'}","{'value': 18.19, 'currency': 'USD', 'symbol': '$', 'raw': '18.19'}","{'value': 9.09, 'currency': 'USD', 'symbol': '$', 'raw': '9.09 - 18.19', 'name': 'Deal Price'}",,,,"{'value': 9.09, 'currency': 'USD', 'symbol': '$', 'raw': '9.09'}","{'value': 18.19, 'currency': 'USD', 'symbol': '$', 'raw': '18.19'}","{'value': 9.09, 'currency': 'USD', 'symbol': '$', 'raw': '9.09 - 18.19', 'name': 'Current Price'}",YJY SHOP,False,True,False,f320db1b,A1Y1U3TXKM048O,Deals from YJY SHOP,4.52,38,2,
75,16,https://www.amazon.com/WEWATCH-120-Inch-Projector-Portable/dp/B09HSGMSYP,B09HSGMSYP,False,BEST_DEAL,2022-07-04T07:00:00.513Z,2022-07-11T06:45:00.513Z,multi_item,WEWATCH Projector Screen,https://m.media-amazon.com/images/I/516u2tuzKJL._SY500_.jpg,"{'value': 16.99, 'currency': 'USD', 'symbol': '$', 'raw': '16.99'}","{'value': 18.69, 'currency': 'USD', 'symbol': '$', 'raw': '18.69'}","{'value': 16.99, 'currency': 'USD', 'symbol': '$', 'raw': '16.99 - 18.69', 'name': 'Deal Price'}","{'value': 29.99, 'currency': 'USD', 'symbol': '$', 'raw': '29.99'}","{'value': 39.99, 'currency': 'USD', 'symbol': '$', 'raw': '39.99'}","{'value': 29.99, 'currency': 'USD', 'symbol': '$', 'raw': '29.99 - 39.99', 'name': 'List Price'}","{'value': 16.99, 'currency': 'USD', 'symbol': '$', 'raw': '16.99'}","{'value': 18.69, 'currency': 'USD', 'symbol': '$', 'raw': '18.69'}","{'value': 16.99, 'currency': 'USD', 'symbol': '$', 'raw': '16.99 - 18.69', 'name': 'Current Price'}",WEWATCH,False,True,False,231d729c,A3QQX9RO4Z4SQ,WEWATCH Projector Screen,4.14,141,2,
76,17,https://www.amazon.com/Sony-X90J-Inch-Compatibility-XR50X90J/dp/B08TLC4C4T,B08TLC4C4T,False,BEST_DEAL,2022-06-20T07:00:00.513Z,2022-07-18T06:59:59.513Z,single_item,Sony 50 Inch X90J XR Full Array LED 4K Ultra HD Smart Google TV,https://m.media-amazon.com/images/I/41yg8BDnUyL.jpg,,,"{'value': 898, 'currency': 'USD', 'symbol': '$', 'raw': '898', 'name': 'Deal Price'}",,,"{'value': 999.99, 'currency': 'USD', 'symbol': '$', 'raw': '999.99', 'name': 'List Price'}",,,"{'value': 898, 'currency': 'USD', 'symbol': '$', 'raw': '898', 'name': 'Current Price'}",Amazon.com,False,True,False,87ab3ecc,ATVPDKIKX0DER,On sale for limited time only. Valid while supplies last and when shipped & sold by Amazon.com.,4.6,1966,2,
77,18,https://www.amazon.com/Compatible-Generation-Bracket-Remote-Control/dp/B08MVLM8TR,B08MVLM8TR,False,BEST_DEAL,2022-06-29T05:00:00.513Z,2022-07-13T05:00:00.513Z,single_item,Wall Mount Compatible with Apple TV 4K 5th and 4th Generatio,https://m.media-amazon.com/images/I/31fWrWo-TrL.jpg,,,"{'value': 9.99, 'currency': 'USD', 'symbol': '$', 'raw': '9.99', 'name': 'Deal Price'}",,,"{'value': 14.99, 'currency': 'USD', 'symbol': '$', 'raw': '14.99', 'name': 'List Price'}",,,"{'value': 9.99, 'currency': 'USD', 'symbol': '$', 'raw': '9.99', 'name': 'Current Price'}",Yibracki,False,True,False,d27a7535,AXGXT1C5SGX3G,Wall Mount Compatible with Apple TV 4K 5th and 4th Generatio,4.53,17,2,
78,19,https://www.amazon.com/s/?url=search-alias%3Daps&hidden-keywords=B08D3N1M3K|B08HDH39GY,B08D3N1M3K,False,BEST_DEAL,2022-06-25T17:00:00.513Z,2022-07-09T17:00:00.513Z,multi_item,Up to 30% off Electronics from SDUSEIO,https://m.media-amazon.com/images/I/41B-oJGyHUL.jpg,"{'value': 8.39, 'currency': 'USD', 'symbol': '$', 'raw': '8.39'}","{'value': 9.79, 'currency': 'USD', 'symbol': '$', 'raw': '9.79'}","{'value': 8.39, 'currency': 'USD', 'symbol': '$', 'raw': '8.39 - 9.79', 'name': 'Deal Price'}",,,,"{'value': 8.39, 'currency': 'USD', 'symbol': '$', 'raw': '8.39'}","{'value': 9.79, 'currency': 'USD', 'symbol': '$', 'raw': '9.79'}","{'value': 8.39, 'currency': 'USD', 'symbol': '$', 'raw': '8.39 - 9.79', 'name': 'Current Price'}",SDUSEIO,False,True,False,db9369c6,A31F7D7Z70YNJQ,Up to 30% off Electronics from SDUSEIO,4.21,800,2,
79,20,https://www.amazon.com/deal/61d590d4?showVariations=true,B0885SCXFZ,False,BEST_DEAL,2022-07-04T07:00:00.513Z,2022-07-18T06:59:59.513Z,multi_item,LG 75-inch TVs,https://m.media-amazon.com/images/I/51+HM31HbBL.jpg,,,"{'value': 799.99, 'currency': 'USD', 'symbol': '$', 'raw': '799.99', 'name': 'Deal Price'}",,,"{'value': 1499.99, 'currency': 'USD', 'symbol': '$', 'raw': '1499.99', 'name': 'List Price'}",,,"{'value': 799.99, 'currency': 'USD', 'symbol': '$', 'raw': '799.99', 'name': 'Current Price'}",Amazon.com,False,True,False,61d590d4,ATVPDKIKX0DER,On sale for limited time only. Valid while supplies last and when shipped & sold by Amazon.com. Discount reflected in current price.,4.55,6214,2,
80,21,https://www.amazon.com/Delidigi-HomePod-Stable-Bracket-Organizer/dp/B08RYS2LVG,B08RYS2LVG,False,BEST_DEAL,2022-07-02T17:00:00.513Z,2022-07-16T17:00:00.513Z,single_item,Delidigi HomePod Mini Wall Mount Stable Bracket Holder Shelf,https://m.media-amazon.com/images/I/51U+bhdM6jL.jpg,,,"{'value': 9.09, 'currency': 'USD', 'symbol': '$', 'raw': '9.09', 'name': 'Deal Price'}",,,,,,"{'value': 9.09, 'currency': 'USD', 'symbol': '$', 'raw': '9.09', 'name': 'Current Price'}",Delidigi,False,True,False,e1be4b11,A1RS7S05UMSUS3,Delidigi HomePod Mini Wall Mount Stable Bracket Holder Shelf,4.44,234,2,
81,22,https://www.amazon.com/deal/4638a5c7,B08WRYKGWN,False,BEST_DEAL,2022-07-03T07:00:00.513Z,2022-07-09T07:00:00.513Z,multi_item,Computer Accessories,https://m.media-amazon.com/images/I/31e1MwxwFaL.jpg,"{'value': 9.3, 'currency': 'USD', 'symbol': '$', 'raw': '9.3'}","{'value': 206.9, 'currency': 'USD', 'symbol': '$', 'raw': '206.9'}","{'value': 9.3, 'currency': 'USD', 'symbol': '$', 'raw': '9.3 - 206.9', 'name': 'Deal Price'}","{'value': 14.99, 'currency': 'USD', 'symbol': '$', 'raw': '14.99'}","{'value': 389, 'currency': 'USD', 'symbol': '$', 'raw': '389'}","{'value': 14.99, 'currency': 'USD', 'symbol': '$', 'raw': '14.99 - 389', 'name': 'List Price'}","{'value': 9.3, 'currency': 'USD', 'symbol': '$', 'raw': '9.3'}","{'value': 206.9, 'currency': 'USD', 'symbol': '$', 'raw': '206.9'}","{'value': 9.3, 'currency': 'USD', 'symbol': '$', 'raw': '9.3 - 206.9', 'name': 'Current Price'}",Amazon.com,False,True,False,4638a5c7,ATVPDKIKX0DER,Computer Accessories are on sale for limited time only. Valid while supplies last and when shipped & sold by Amazon.com. Discount reflected in current price.,5.0,2,2,
82,23,https://www.amazon.com/USX-MOUNT-Articulating-Extension-600x400mm/dp/B08M92P11W,B08M92P11W,True,LIGHTNING_DEAL,2022-07-05T12:25:00.513Z,2022-07-06T00:25:00.513Z,single_item,"USX MOUNT UL Listed Full Motion TV Wall Mount for Most 37-75 inch TV, Swivel and Tilt TV Mount with Dual Articulating Arms, Wall Mount TV Bracket Up to 132lbs, VESA 600x400mm, 16"" Wood Studs, XML019",https://m.media-amazon.com/images/I/41T2I1qP8PL._SY500_.jpg,,,,,,,,,,,False,False,False,26bdc393,,"USX MOUNT UL Listed Full Motion TV Wall Mount for Most 37-75 inch TV, Swivel and Tilt TV Mount with Dual Articulating Arms, Wall Mount TV Bracket Up to 132lbs, VESA 600x400mm, 16"" Wood Studs, XML019",0.0,0,2,
83,24,https://www.amazon.com/Motion-Swivel-VESA600X400mm-FORGING-MOUNT/dp/B09T6R2GK3,B09T6R2GK3,True,LIGHTNING_DEAL,2022-07-05T13:00:00.513Z,2022-07-06T01:00:00.513Z,single_item,"TV Wall Mount with 43” Long Arm, Full Motion TV Mount for 37-80” TVs, Swivel Tilt Extend Fits 24”18”16” Wood Studs, Loads 110lbs, Max VESA600X400mm by FORGING MOUNT",https://m.media-amazon.com/images/I/41c-sG1rTIL._SY500_.jpg,,,,,,,,,,,False,False,False,8289322a,,"TV Wall Mount with 43” Long Arm, Full Motion TV Mount for 37-80” TVs, Swivel Tilt Extend Fits 24”18”16” Wood Studs, Loads 110lbs, Max VESA600X400mm by FORGING MOUNT",0.0,0,2,
84,25,https://www.amazon.com/Perlesmith-MotionTV-Articulating-Leveling-600x400mm/dp/B09LQWML9P,B09LQWML9P,True,LIGHTNING_DEAL,2022-07-05T14:50:00.513Z,2022-07-06T02:50:00.513Z,single_item,"PERLESMITH Full MotionTV Wall Mount for Most 37-70 Inch Flat Curved Screen, TV Mount Wall Bracket with Articulating Arms Swivel Tilt Leveling Holds up to 132lbs Max VESA 600x400mm",https://m.media-amazon.com/images/I/41BqDQzV8JL._SY500_.jpg,,,,,,,,,,,False,False,False,f28c3700,,"PERLESMITH Full MotionTV Wall Mount for Most 37-70 Inch Flat Curved Screen, TV Mount Wall Bracket with Articulating Arms Swivel Tilt Leveling Holds up to 132lbs Max VESA 600x400mm",0.0,0,2,
85,26,https://www.amazon.com/Perlegear-Monitors-Extension-Articulating-200x200mm/dp/B083KLQ45W,B083KLQ45W,True,LIGHTNING_DEAL,2022-07-05T14:55:00.513Z,2022-07-06T02:55:00.513Z,single_item,"Perlegear Full Motion TV Wall Mount Bracket for Most 13-42 Inch LED LCD Flat Curved Screen TVs & Monitors, Swivel Tilt Extension Rotation with Articulating Arms, Max VESA 200x200mm up to 44lbs",https://m.media-amazon.com/images/I/41SV7DPUfVL._SY500_.jpg,,,,,,,,,,,False,False,False,4707f48b,,"Perlegear Full Motion TV Wall Mount Bracket for Most 13-42 Inch LED LCD Flat Curved Screen TVs & Monitors, Swivel Tilt Extension Rotation with Articulating Arms, Max VESA 200x200mm up to 44lbs",0.0,0,2,
86,27,https://www.amazon.com/1home-Universal-TVs-Height-Adjustable-Management-Holds/dp/B07YDDHCW5,B07YDDHCW5,True,LIGHTNING_DEAL,2022-07-05T15:45:00.513Z,2022-07-06T03:45:00.513Z,single_item,Universal TV Stand Table Top Pedestal with Bracket for 32”-60” LCD/LED/Plasma TVs-Height Adjustable TV Stand with 8mm Tempered Glass Base & Cable Management-Holds 99lbs & Max.VESA 600x400mm,https://m.media-amazon.com/images/I/41GJ2-f-8QL._SY500_.jpg,,,,,,,,,,,False,False,False,3b88c091,,Universal TV Stand Table Top Pedestal with Bracket for 32”-60” LCD/LED/Plasma TVs-Height Adjustable TV Stand with 8mm Tempered Glass Base & Cable Management-Holds 99lbs & Max.VESA 600x400mm,0.0,0,2,
87,28,https://www.amazon.com/MOUNTUP-Wall-Mounts-Articulating-400x400mm/dp/B07ZSGYCJD,B07ZSGYCJD,True,LIGHTNING_DEAL,2022-07-05T16:15:00.513Z,2022-07-06T04:15:00.513Z,single_item,"MOUNTUP TV Wall Mount -Full Motion TV Wall Mount for Most 26-55 Inch（Some Up to 65''）Flat and Curved TV up to 88 LBS, Wall Mount TV Bracket with Dual Swivel Articulating Rod Max VESA 400x400mm MU0010",https://m.media-amazon.com/images/I/41dEtYk1+CL._SY500_.jpg,,,,,,,,,,,False,False,False,1e2943fa,,"MOUNTUP TV Wall Mount -Full Motion TV Wall Mount for Most 26-55 Inch（Some Up to 65''）Flat and Curved TV up to 88 LBS, Wall Mount TV Bracket with Dual Swivel Articulating Rod Max VESA 400x400mm MU0010",0.0,0,2,
88,29,https://www.amazon.com/Projector-Screen-HYZ-100-inch/dp/B099NBJ2G7,B099NBJ2G7,True,LIGHTNING_DEAL,2022-07-05T17:05:00.513Z,2022-07-06T05:05:00.513Z,single_item,"Projector Screen, HYZ 100 inch 16:9 Indoor & Outdoor HD Projection Screen, with 160° Viewing Angle, Wrinkle-Free Foldable Portable Rear and Front Screen for Home Movies Night",https://m.media-amazon.com/images/I/41jrLzB1InS._SY500_.jpg,,,,,,,,,,,False,False,False,123fff10,,"Projector Screen, HYZ 100 inch 16:9 Indoor & Outdoor HD Projection Screen, with 160° Viewing Angle, Wrinkle-Free Foldable Portable Rear and Front Screen for Home Movies Night",0.0,0,2,
89,30,https://www.amazon.com/WALI-Articulating-Monitor-Extension-100x100/dp/B01BCUM766,B01BCUM766,True,LIGHTNING_DEAL,2022-07-05T17:45:00.513Z,2022-07-06T05:45:00.513Z,single_item,"WALI TV Wall Mount Articulating LCD Monitor Full Motion 15 inch Extension Arm Tilt Swivel for Most 13 to 30 inch LED TV Flat Panel Screen with VESA up to 100x100mm (1330LM), Black",https://m.media-amazon.com/images/I/31KtlPn+bvL._SY500_.jpg,,,,,,,,,,,False,False,False,eb535cc9,,"WALI TV Wall Mount Articulating LCD Monitor Full Motion 15 inch Extension Arm Tilt Swivel for Most 13 to 30 inch LED TV Flat Panel Screen with VESA up to 100x100mm (1330LM), Black",0.0,0,2,
90,31,https://www.amazon.com/Mount-Lockable-Specifically-Swiveling-Compatible/dp/B01F2OZ0VM,B01F2OZ0VM,True,LIGHTNING_DEAL,2022-07-05T18:00:00.513Z,2022-07-06T06:00:00.513Z,single_item,"Mount-It! RV TV Mount, Lockable Full Motion TV Wall Mount Designed Specifically for RV or Mobile Home Use Single Arm Tilting and Swiveling 42 Inches Max, 33 Lb Capacity, VESA 200 Compatible",https://m.media-amazon.com/images/I/41mIOhbZ+vL._SY500_.jpg,,,,,,,,,,,False,False,False,889b2906,,"Mount-It! RV TV Mount, Lockable Full Motion TV Wall Mount Designed Specifically for RV or Mobile Home Use Single Arm Tilting and Swiveling 42 Inches Max, 33 Lb Capacity, VESA 200 Compatible",0.0,0,2,
91,32,https://www.amazon.com/USX-400x400mm-Capacity-Profile-Bracket/dp/B07PQJRTD6,B07PQJRTD6,True,LIGHTNING_DEAL,2022-07-05T18:20:00.513Z,2022-07-06T06:20:00.513Z,single_item,"USX MOUNT Fixed TV Wall Mount with Low Profile for Most 26-55 Inch LED, LCD and Flat Screen TVs, TV Mount Bracket with VESA Up to 400x400mm and Weight Capacity 99lbs,and Space Saving TV Bracket",https://m.media-amazon.com/images/I/41qVzb8j5BS._SY500_.jpg,,,,,,,,,,,False,False,False,df925926,,"USX MOUNT Fixed TV Wall Mount with Low Profile for Most 26-55 Inch LED, LCD and Flat Screen TVs, TV Mount Bracket with VESA Up to 400x400mm and Weight Capacity 99lbs,and Space Saving TV Bracket",0.0,0,2,
92,33,https://www.amazon.com/Portable-Projector-Screen-WEWATCH-Projection/dp/B09PRLMLPW,B09PRLMLPW,True,LIGHTNING_DEAL,2022-07-05T18:20:00.513Z,2022-07-06T06:20:00.513Z,single_item,WEWATCH Projector Screen with Stand,https://m.media-amazon.com/images/I/41JT24raf6L._SY500_.jpg,,,,,,,,,,,False,False,False,886e1d57,,WEWATCH Projector Screen with Stand,0.0,0,2,
93,34,https://www.amazon.com/Mounting-Dream-Articulating-600x400mm-MD2622-24K/dp/B09JNKLNRG,B09JNKLNRG,True,LIGHTNING_DEAL,2022-07-04T18:00:00.513Z,2022-07-05T06:00:00.513Z,single_item,"Mounting Dream TV Wall Mount TV Bracket for Most 42-75 Inch, Premium Full Motion TV Mount with Articulating Arms, Max 600x400mm, Up to 100LBS, Fits 16"", 18"", 24"" Studs, MD2622-24K",https://m.media-amazon.com/images/I/41tB4lSz9eL._SY500_.jpg,,,"{'value': 59.49, 'currency': 'USD', 'symbol': '$', 'raw': '59.49', 'name': 'Deal Price'}",,,"{'value': 79.99, 'currency': 'USD', 'symbol': '$', 'raw': '79.99', 'name': 'List Price'}",,,"{'value': 71.99, 'currency': 'USD', 'symbol': '$', 'raw': '71.99', 'name': 'Current Price'}",Mounting Dream,False,True,False,60b16d3d,A2QJV1LHQIKRFO,"Mounting Dream TV Wall Mount TV Bracket for Most 42-75 Inch, Premium Full Motion TV Mount with Articulating Arms, Max 600x400mm, Up to 100LBS, Fits 16"", 18"", 24"" Studs, MD2622-24K",4.73,123,2,['B09JNKLNRG']
94,35,https://www.amazon.com/Bracket-Screens-Articulating-Extension-600x400/dp/B0886FNQ1W,B0886FNQ1W,True,LIGHTNING_DEAL,2022-07-04T18:00:00.514Z,2022-07-05T06:00:00.514Z,single_item,"ELIVED Full Motion TV Wall Mount Swivel and Tilt for Most 42-70 Inch (Some up to 75"") Flat Screen TVs, TV Mount Bracket with Articulating Arms, Max VESA 600x400mm, 100 lbs. Loading, 12""/16"" Wood Studs",https://m.media-amazon.com/images/I/418D-96VK7L._SY500_.jpg,,,"{'value': 39.99, 'currency': 'USD', 'symbol': '$', 'raw': '39.99', 'name': 'Deal Price'}",,,"{'value': 69.99, 'currency': 'USD', 'symbol': '$', 'raw': '69.99', 'name': 'List Price'}",,,"{'value': 49.99, 'currency': 'USD', 'symbol': '$', 'raw': '49.99', 'name': 'Current Price'}",Elived Store,False,True,False,5e4120d9,A1FHT8W4SSSB2L,"ELIVED Full Motion TV Wall Mount Swivel and Tilt for Most 42-70 Inch (Some up to 75"") Flat Screen TVs, TV Mount Bracket with Articulating Arms, Max VESA 600x400mm, 100 lbs. Loading, 12""/16"" Wood Studs",4.76,811,2,['B0886FNQ1W']
95,36,https://www.amazon.com/LG-OLED83C1PUA-Alexa-Built-Smart/dp/B08WG3243Z,B08WG3243Z,False,BEST_DEAL,2022-06-13T07:00:00.514Z,2022-07-05T06:59:59.514Z,single_item,LG OLED C1 Series 83” Alexa Built-in 4k Smart TV,https://m.media-amazon.com/images/I/51jqQyynhIL.jpg,,,"{'value': 3996.99, 'currency': 'USD', 'symbol': '$', 'raw': '3996.99', 'name': 'Deal Price'}",,,"{'value': 5999.99, 'currency': 'USD', 'symbol': '$', 'raw': '5999.99', 'name': 'List Price'}",,,"{'value': 4496.99, 'currency': 'USD', 'symbol': '$', 'raw': '4496.99', 'name': 'Current Price'}",Amazon.com,False,True,False,7b80005b,ATVPDKIKX0DER,LG OLED C1 Series 83” Alexa Built-in 4k Smart TV,4.76,4718,2,
96,37,https://www.amazon.com/Definitive-Technology-ProCinema-6D-Subwoofer/dp/B07Q5TWBP1,B07Q5TWBP1,False,BEST_DEAL,2022-06-20T04:00:00.514Z,2022-07-05T06:59:59.514Z,single_item,Definitive Technology Descend Series,https://m.media-amazon.com/images/I/21XPCoHv1VL.jpg,,,"{'value': 799, 'currency': 'USD', 'symbol': '$', 'raw': '799', 'name': 'Deal Price'}",,,"{'value': 999, 'currency': 'USD', 'symbol': '$', 'raw': '999', 'name': 'List Price'}",,,"{'value': 999, 'currency': 'USD', 'symbol': '$', 'raw': '999', 'name': 'Current Price'}",Amazon.com,False,True,False,9538c0a2,ATVPDKIKX0DER,On sale for limited time only. Valid while supplies last and when shipped & sold by Amazon.com. Discount reflected in current price,4.36,61,2,
97,38,https://www.amazon.com/Sony-Inch-Ultra-X80K-KD65X80K/dp/B09P4C85N8,B09P4C85N8,False,BEST_DEAL,2022-06-20T07:00:00.514Z,2022-07-05T06:59:59.514Z,single_item,Sony 65 Inch X80K 4K Ultra HD LED Smart Google TV Dolby Vision HDR,https://m.media-amazon.com/images/I/41CVPW+cVAL.jpg,,,"{'value': 798, 'currency': 'USD', 'symbol': '$', 'raw': '798', 'name': 'Deal Price'}",,,"{'value': 999.99, 'currency': 'USD', 'symbol': '$', 'raw': '999.99', 'name': 'List Price'}",,,"{'value': 798, 'currency': 'USD', 'symbol': '$', 'raw': '798', 'name': 'Current Price'}",Amazon.com,False,True,False,5d55454c,ATVPDKIKX0DER,On sale for limited time only. Valid while supplies last and when shipped & sold by Amazon.com.,4.44,111,2,
