data_source,title,brand,deal_price,list_price,multi_item_t_f,avg_rating,amount_rating,deal_start,deal_end,description
Rainforest API,Toshiba HD Smart Fire TVs Starting at $129.99 (32-inch to 43-inch),Best Buy,129.99 - 189.99,199.99 - 289.99,True,4.58,1009.0,2022-07-01T05:00:00.487Z,2022-07-14T06:55:00.487Z,0
Rainforest API,Insignia 4K Smart Fire TVs Starting at $189.99 (43-inch to 75-inch),Best Buy,189.99 - 599.99,299.99 - 849.99,True,4.6,4774.0,2022-07-01T05:00:00.487Z,2022-07-14T06:55:00.487Z,0
Rainforest API,Insignia HD Smart Fire TVs Starting at $89.99 (24-inch to 39-inch),Best Buy,89.99 - 149.99,169.99 - 229.99,True,4.52,26425.0,2022-07-01T05:00:00.487Z,2022-07-14T06:55:00.487Z,0
Rainforest API,Toshiba 4K Smart Fire TVs Starting at $229.99 (43-inch to 75-inch),Best Buy,229.99 - 699.99,329.99 - 1399.99,True,4.12,62.0,2022-07-01T05:00:00.487Z,2022-07-14T06:55:00.487Z,0
Rainforest API,Pioneer 4K Smart Fire TVs Starting at 199.99 (43-inch & 50-inch),Best Buy,199.99 - 249.99,319.99 - 419.99,True,4.64,488.0,2022-07-01T05:00:00.487Z,2022-07-14T06:55:00.487Z,0
Rainforest API,Insignia 42-inch Full HD Smart Fire TV,Best Buy,169.99,269.99,False,4.46,5010.0,2022-07-01T05:00:00.487Z,2022-07-14T06:55:00.487Z,0
Rainforest API,Toshiba 55-inch 4K UHD Smart Fire TV with Far Field Technology,Best Buy,349.99,799.99,False,4.12,62.0,2022-07-01T05:00:00.488Z,2022-07-14T06:55:00.488Z,0
Rainforest API,Insignia 32-inch HD Smart Fire TV,Best Buy,99.99,179.99,False,4.61,52455.0,2022-06-21T05:00:00.488Z,2022-07-14T06:55:00.488Z,0
Rainforest API,Amazon Fire TV 50-inch 4-Series 4K UHD Smart TV,Amazon.com,259.99,469.99,False,4.61,12335.0,2022-06-28T16:10:00.488Z,2022-07-11T18:55:00.488Z,Prime Members only and while supplies last. Valid only when shipped and sold by Amazon.com
Rainforest API,Up to 40% off Amazon Fire TV Omni Series 4K UHD Smart TVs,Amazon.com,299.99 - 749.99,409.99 - 1099.99,True,4.57,8706.0,2022-06-28T15:00:00.488Z,2022-07-05T14:55:00.488Z,Shipped and sold by Amazon.com
Rainforest API,Amazon Fire TV 43-inch 4-Series 4K UHD Smart TV,Amazon.com,199.99,369.99,False,4.61,12335.0,2022-06-28T16:10:00.488Z,2022-07-11T18:55:00.488Z,Prime Members only and while supplies last. Valid only when shipped and sold by Amazon.com
Rainforest API,Amazon Fire TV 55-inch Omni Series 4K UHD Smart TV,Amazon.com,299.99,559.99,False,4.57,8706.0,2022-06-28T16:10:00.489Z,2022-07-11T18:55:00.489Z,Prime Members only and while supplies last. Valid only when shipped and sold by Amazon.com
Rainforest API,Amazon Fire TV 55-inch 4-Series 4K UHD Smart TV,Amazon.com,349.99,519.99,False,4.61,12335.0,2022-06-28T15:00:00.489Z,2022-07-05T14:55:00.489Z,Shipped and sold by Amazon.com
Rainforest API,Sony 65 Inch A80K 4K Ultra HD BRAVIA XR OLED Smart Google TV ,Amazon.com,1998,2299.99,False,5.0,4.0,2022-07-04T07:00:00.489Z,2022-07-18T06:59:59.489Z,On sale for limited time only. Valid while supplies last and when shipped & sold by Amazon.com.
Rainforest API,Sony 55 inch A80J XR OLED 4K Ultra HD Smart Google TV ,Amazon.com,998,1899.99,False,4.7,1480.0,2022-07-01T07:00:00.489Z,2022-07-18T06:59:59.489Z,On sale for limited time only. Valid while supplies last and when shipped & sold by Amazon.com.
Rainforest API,Certified Refurbished Fire TV Stick with Alexa Voice Remote,Amazon.com,15.99,34.99,False,2.79,17.0,2022-07-02T07:00:00.489Z,2022-07-14T06:59:59.489Z,While supplies last. Valid only when shipped and sold by Amazon.com
Rainforest API,Certified Refurbished Fire TV Stick 4K with Alexa Voice Remote,Amazon.com,22.49,44.99,True,4.6,22071.0,2022-07-02T07:00:00.489Z,2022-07-14T06:59:59.489Z,While supplies last. Valid only when shipped and sold by Amazon.com
Rainforest API,VEVOR branded products,Amazon.com,42.83 - 1020.45,49.99 - 1299.99,True,5.0,7.0,2022-07-04T07:00:00.489Z,2022-07-12T06:59:59.489Z,While supplies last. Valid only when shipped and sold by Amazon.com
Rainforest API,Hisense Fire TV,Amazon.com,399.99,529.99,False,3.82,15.0,2022-06-17T07:00:00.489Z,2022-07-12T06:59:59.489Z,On sale for a limited time only. Offer valid while supplies last and when shipped from and sold by Amazon.com
Rainforest API,"Inflatable Movie Screen Outdoor, OUTTOY Inflatable Projection Screen with Quiet Fan and Storage Bag, Easy Set up, Mega Blow Up Screen for Backyard Movie Night, Theme Parties, Celebrations",Outtoy,110.49 - 118.99,199.99 - 229.99,True,4.55,977.0,2022-07-04T07:00:00.489Z,2022-07-11T06:45:00.489Z,"Inflatable Movie Screen Outdoor, OUTTOY Inflatable Projection Screen with Quiet Fan and Storage Bag, Easy Set up, Mega Blow Up Screen for Backyard Movie Night, Theme Parties, Celebrations"
Rainforest API,"Mounting Dream Full Motion TV Wall Mount Swivel and Tilt for Most 42-75 Inch Flat Screen TV, UL listed TV Mount Bracket with Articulating Dual Arms, Max VESA 600x400mm, 100 lbs, Fits 16"" Studs, MD2617",Mounting Dream,46.74,62.79,False,4.76,5988.0,2022-07-04T07:00:00.489Z,2022-07-11T06:45:00.489Z,"Mounting Dream Full Motion TV Wall Mount Swivel and Tilt for Most 42-75 Inch Flat Screen TV, UL listed TV Mount Bracket with Articulating Dual Arms, Max VESA 600x400mm, 100 lbs, Fits 16"" Studs, MD2617"
Rainforest API,"Certified Refurbished Fire TV Cube with Alexa 4K Ultra HD, streaming media player",Amazon.com,49.99,99.99,False,4.54,1947.0,2022-07-02T07:00:00.490Z,2022-07-14T06:59:59.490Z,While supplies last. Valid only when shipped and sold by Amazon.com
Rainforest API,"Pipishell TV Wall Mount for 26-55 inch TVs, Full Motion TV Mount Bracket with Articulating Swivel Extension Tilting Leveling Max VESA 400x400mm Holds up to 99lbs for LED LCD OLED 4K Flat Curved Screen",Pipishell,36.54,49.99,False,4.75,472.0,2022-07-04T07:00:00.490Z,2022-07-11T06:45:00.490Z,"Pipishell TV Wall Mount for 26-55 inch TVs, Full Motion TV Mount Bracket with Articulating Swivel Extension Tilting Leveling Max VESA 400x400mm Holds up to 99lbs for LED LCD OLED 4K Flat Curved Screen"
Rainforest API,"VIVOHOME 80"" 100"" 120"" Manual Pull Down Projector Screen for Movie Home Theater Cinema Office Video Game",VIVOHOME,74.79 - 84.99,99.99 - 129.99,True,4.56,1307.0,2022-07-04T07:00:00.490Z,2022-07-11T06:45:00.490Z,"VIVOHOME 80"" 100"" 120"" Manual Pull Down Projector Screen for Movie Home Theater Cinema Office Video Game"
Rainforest API,"MEGATEK Multi-Region DVD Player for TV with HDMI (1080p Upscaling), CD Player for Home, USB Port, Coaxial Digital Out, Compact Design with Durable Metal Housing, with Remote & 5ft HDMI Cable",Megatek Electronics,33.95,44.99,False,4.27,7975.0,2022-07-04T07:00:00.490Z,2022-07-11T06:45:00.490Z,"MEGATEK Multi-Region DVD Player for TV with HDMI (1080p Upscaling), CD Player for Home, USB Port, Coaxial Digital Out, Compact Design with Durable Metal Housing, with Remote & 5ft HDMI Cable"
Rainforest API,MOUNTUP TV Wall Mount for Most 30-55 inch Flat/Curved TVs,MOUNTUP,19.99 - 25.49,35.99 - 39.99,True,4.7,3328.0,2022-07-04T07:00:00.490Z,2022-07-11T06:45:00.490Z,MOUNTUP TV Wall Mount for Most 30-55 inch Flat/Curved TVs
Rainforest API,"Full Motion TV Wall Mount for 23-55 Inch Flat Curved TVs with Swivel Articulating Extends Tilt Arm, Single Stud Perfect Center Design TV Bracket Max VESA 400x400mm up to 88lbs by Perlegear, PGMF5",Perlegear,19.04,39.96,False,4.68,2792.0,2022-07-04T07:00:00.490Z,2022-07-11T06:45:00.490Z,"Full Motion TV Wall Mount for 23-55 Inch Flat Curved TVs with Swivel Articulating Extends Tilt Arm, Single Stud Perfect Center Design TV Bracket Max VESA 400x400mm up to 88lbs by Perlegear, PGMF5"
Rainforest API,"DVD Player,Foramor HDMI DVD Player for Smart TV Support 1080P Full HD with HDMI Cable Remote Control USB Input Region Free Home DVD Players",Seewon-US,25.49,45.99,False,4.26,4140.0,2022-07-04T07:00:00.490Z,2022-07-11T06:45:00.490Z,"DVD Player,Foramor HDMI DVD Player for Smart TV Support 1080P Full HD with HDMI Cable Remote Control USB Input Region Free Home DVD Players"
Rainforest API,"Save on VEVOR Projector Screen, 110"" 16:9 4K/8K Ultra HDR, Pull Up Projector Screen, Portable Floor-Rising Projection Screen, Indoor Outdoor Movie Screen w/ Storage Bag for Home Backyard Theater Office and more",Amazon.com,45.35 - 526.49,55.99 - 649.99,True,0.0,0.0,2022-07-01T07:00:00.490Z,2022-07-15T07:00:00.489Z,"Save on VEVOR Projector Screen, 110"" 16:9 4K/8K Ultra HDR, Pull Up Projector Screen, Portable Floor-Rising Projection Screen, Indoor Outdoor Movie Screen w/ Storage Bag for Home Backyard Theater Office and more"
Rainforest API,"Cleaner Kit for Airpod,Supfine Airpods Pro Cleaning Pen,Multi-Function Cleaner Kit Soft Brush for Phone Charging Port,Earbuds,Earpods,Earphone,Headphone, iPod,Case,iPhone,ipad,Laptop(White)",wawowa,8.49,19.99,False,4.22,69.0,2022-07-04T07:00:00.490Z,2022-07-11T06:45:00.490Z,"Cleaner Kit for Airpod,Supfine Airpods Pro Cleaning Pen,Multi-Function Cleaner Kit Soft Brush for Phone Charging Port,Earbuds,Earpods,Earphone,Headphone, iPod,Case,iPhone,ipad,Laptop(White)"
Rainforest API,Projector Screen 120 inch with Frame 16:9 HD 4K Movies Screen Portable Widescreen Foldable Anti-Crease Indoor Outdoor Projection Movies Screen for Home Theater Match Party,HOIN,39.94,59.99,False,4.04,155.0,2022-07-04T07:00:00.490Z,2022-07-11T06:45:00.490Z,Projector Screen 120 inch with Frame 16:9 HD 4K Movies Screen Portable Widescreen Foldable Anti-Crease Indoor Outdoor Projection Movies Screen for Home Theater Match Party
Rainforest API,"Mounting Dream Tilting TV Mounts for Most 26-55 Inch LED, LCD TVs up to VESA 400 x 400mm and 88 LBS Loading Capacity, TV Wall Mount with Unique Strap Design for Easily Lock and Release MD2268-MK",Mounting Dream,18.69,29.99,False,4.7,15827.0,2022-07-04T07:00:00.490Z,2022-07-11T06:45:00.490Z,"Mounting Dream Tilting TV Mounts for Most 26-55 Inch LED, LCD TVs up to VESA 400 x 400mm and 88 LBS Loading Capacity, TV Wall Mount with Unique Strap Design for Easily Lock and Release MD2268-MK"
Rainforest API,Prime members save on Fire TV Gaming Bundle with Fire TV Stick 4K Max and Luna Controller,Amazon.com,,,True,0.0,0.0,2022-06-21T05:00:00.490Z,2022-07-05T14:55:00.490Z,While supplies last. Valid only when shipped and sold by Amazon.com.
Rainforest API,Prime members save on Fire TV Gaming Bundle including Fire TV Stick 4K and Luna Controller,Amazon.com,,,True,0.0,0.0,2022-06-21T05:00:00.490Z,2022-07-05T14:55:00.490Z,While supplies last. Valid only when shipped and sold by Amazon.com.
Rainforest API,Sony BDP-S6700 4K Upscaling 3D Streaming Home Theater Blu-Ray Disc Player,Amazon.com,,,True,0.0,0.0,2022-06-30T07:00:00.490Z,2022-07-18T06:59:59.490Z,On sale for limited time only. Valid while supplies last and when shipped & sold by Amazon.com.
Rainforest API,Sony 55 Inch X85K 4K Ultra HD LED Smart Google TV Dolby Vision HDR ,Amazon.com,,,True,0.0,0.0,2022-06-30T07:00:00.490Z,2022-07-18T06:59:59.490Z,On sale for limited time only. Valid while supplies last and when shipped & sold by Amazon.com.
Rainforest API,Sony 55 Inch X90K 4K Ultra HD BRAVIA XR Full Array LED Smart TV ,Amazon.com,,,True,0.0,0.0,2022-06-30T07:00:00.490Z,2022-07-18T06:59:59.490Z,On sale for limited time only. Valid while supplies last and when shipped & sold by Amazon.com.
Rainforest API,"PERLESMITH TV Wall Mount Full Motion for 32-55 Inch Flat Curved Screen TVs, TV Mount with Swivels Tilts Extension Dual Articulating Bracket Arms Supports TV up to 99 lbs Max VESA 400x400,PSMFK9",PERLESMITH,33.99,49.99,False,4.73,115.0,2022-07-04T07:00:00.491Z,2022-07-11T06:45:00.491Z,"PERLESMITH TV Wall Mount Full Motion for 32-55 Inch Flat Curved Screen TVs, TV Mount with Swivels Tilts Extension Dual Articulating Bracket Arms Supports TV up to 99 lbs Max VESA 400x400,PSMFK9"
Rainforest API,Suptek TV Wall Mount,Suptek,10.89,19.99,False,4.57,2841.0,2022-07-04T07:00:00.491Z,2022-07-11T06:45:00.491Z,Suptek TV Wall Mount
Rainforest API,"Suptek Adjustable TV Wall Mount Swivel and Tilt TV Arm Bracket for Most 32-55 inch LED, LCD Monitor and Plasma TVs up to 70lbs VESA up to 400x400mm (MAFD-L400)",YB-US,16.99,,False,4.65,7170.0,2022-07-04T07:00:00.491Z,2022-07-11T06:45:00.491Z,"Suptek Adjustable TV Wall Mount Swivel and Tilt TV Arm Bracket for Most 32-55 inch LED, LCD Monitor and Plasma TVs up to 70lbs VESA up to 400x400mm (MAFD-L400)"
Rainforest API,"Universal TV Stand Table Top for 27 to 85 Inch LED LCD Flat Screen TV, Height Adjustable Leg Stand Holds up to 110lbs, VESA up to 1000x800mm (ML2785)",YB-US,16.14 - 21.24,29.99,True,4.38,2536.0,2022-07-04T07:00:00.491Z,2022-07-11T06:45:00.491Z,"Universal TV Stand Table Top for 27 to 85 Inch LED LCD Flat Screen TV, Height Adjustable Leg Stand Holds up to 110lbs, VESA up to 1000x800mm (ML2785)"
Rainforest API,Electronics and Accessories,Amazon.com,12.1 - 175.1,13.99 - 449,True,4.48,3124.0,2022-07-04T07:00:00.491Z,2022-07-17T07:00:00.491Z,Electronics and Accessories are on sale for limited time only. Valid while supplies last and when shipped & sold by Amazon.com. Discount reflected in current price.
Rainforest API,Japard TV Wall Mount Bracket Low Profile for 12-24 Inch Flat,Japard,6.99,12.99,False,0.0,0.0,2022-07-02T17:00:00.491Z,2022-07-16T17:00:00.491Z,Japard TV Wall Mount Bracket Low Profile for 12-24 Inch Flat
Rainforest API,VIVOHOME Indoor and Outdoor Inflatable Blow up Mega Movie Projector Screen with Carry Bag for Front and Rear Projection,VIVOHOME,135.99 - 237.99,199.99,True,4.42,219.0,2022-07-04T07:00:00.491Z,2022-07-11T06:45:00.491Z,VIVOHOME Indoor and Outdoor Inflatable Blow up Mega Movie Projector Screen with Carry Bag for Front and Rear Projection
Rainforest API,Sony 85 Inch X80K 4K Ultra HD TV LED Smart Google TV ,Amazon.com,1798,2299.99,False,4.44,111.0,2022-07-04T07:00:00.491Z,2022-07-18T06:59:59.491Z,On sale for limited time only. Valid while supplies last and when shipped & sold by Amazon.com.
Rainforest API,"Sanus Full Motion TV Wall Mount for 13""-32"" LED, LCD and Plasma Flat Screen TVs and Monitors - Extends 7 Inches - MSF07C-B1 Black",Amazon.com,46.49,59.99,False,4.07,49.0,2022-07-01T10:00:00.491Z,2022-07-15T06:59:59.491Z,"Sanus Full Motion TV Wall Mount for 13""-32"" LED, LCD and Plasma Flat Screen TVs and Monitors - Extends 7 Inches - MSF07C-B1 Black"
Rainforest API,"FORGING MOUNT Long Extension TV Mount Corner Wall Mount TV Bracket Full Motion with 30 inch Long Arm for Corner/Flat Installation fits 37 to 75"" Flat/Curve TVs, VESA 600x400mm Holds up to 99lbs",HY bracket,67.91,119.99,False,4.76,2239.0,2022-07-04T07:00:00.491Z,2022-07-11T06:45:00.491Z,"FORGING MOUNT Long Extension TV Mount Corner Wall Mount TV Bracket Full Motion with 30 inch Long Arm for Corner/Flat Installation fits 37 to 75"" Flat/Curve TVs, VESA 600x400mm Holds up to 99lbs"
Rainforest API,Up to 35% discount from Sewinfla,Sewinfla,102.89 - 300.99,329.99,True,4.57,595.0,2022-06-25T17:00:00.491Z,2022-07-09T17:00:00.491Z,Up to 35% discount from Sewinfla
Rainforest API,"BLUE STONE Full Motion TV Wall Mount Bracket for Most 32-70 Inch TVs with Articulating Arms Swivels Tilts Extension Rotation, up to VESA 400X400mm, 121 lbs",Winstone-US,35.69,41.99,False,4.67,56.0,2022-07-04T07:00:00.491Z,2022-07-11T06:45:00.491Z,"BLUE STONE Full Motion TV Wall Mount Bracket for Most 32-70 Inch TVs with Articulating Arms Swivels Tilts Extension Rotation, up to VESA 400X400mm, 121 lbs"
Rainforest API,"16 Feet Inflatable Outdoor and Indoor Theater Projector Screen - Includes Inflation Fan, Tie-Downs and Storage Bag - Only Supports Front Projection (16FT)",NOELEN GAD,104.99,169.99,False,4.57,309.0,2022-07-04T07:00:00.492Z,2022-07-11T06:45:00.492Z,"16 Feet Inflatable Outdoor and Indoor Theater Projector Screen - Includes Inflation Fan, Tie-Downs and Storage Bag - Only Supports Front Projection (16FT)"
Rainforest API,Projector Screen with Stand 120 inch Outdoor Indoor Projector Screen 16:9 4K HD Portable Rear Front Projection Movie Screen with Carry Bag for Home Theater Backyard Movie Night,AZXRHWYGS,65.44,129.99,False,4.32,41.0,2022-07-04T07:00:00.492Z,2022-07-11T06:45:00.492Z,Projector Screen with Stand 120 inch Outdoor Indoor Projector Screen 16:9 4K HD Portable Rear Front Projection Movie Screen with Carry Bag for Home Theater Backyard Movie Night
Rainforest API,"Full Motion TV Wall Mounts with Height Adjustment，Dual Articulating Arms Swivel and Tilt for 32-70 Inch LED LCD Flat&Curved TV, TV Wall Mount Bracket for Max VESA 400x400mm and Holds Up to 121 lbs",TIPTOPONE,33.69,49.99,False,4.72,609.0,2022-07-04T07:00:00.492Z,2022-07-11T06:45:00.492Z,"Full Motion TV Wall Mounts with Height Adjustment，Dual Articulating Arms Swivel and Tilt for 32-70 Inch LED LCD Flat&Curved TV, TV Wall Mount Bracket for Max VESA 400x400mm and Holds Up to 121 lbs"
Rainforest API,Sony 55 Inch A80K 4K Ultra HD BRAVIA XR OLED Smart Google TV,Amazon.com,1698,1999.99,False,5.0,4.0,2022-07-04T07:00:00.492Z,2022-07-11T06:59:59.492Z,On sale for limited time only. Valid while supplies last and when shipped & sold by Amazon.com.
Rainforest API,Sony 65 Inch X90K 4K Ultra HD Smart Google TV Exclusive Features for The Playstation,Amazon.com,1298,1499.99,False,3.55,15.0,2022-06-27T07:00:00.492Z,2022-07-18T06:59:59.492Z,On sale for limited time only. Valid while supplies last and when shipped & sold by Amazon.com.
Rainforest API,Electronics Accessories & Supplies,Amazon.com,8.6 - 71.5,10.99 - 142.4,True,4.73,403.0,2022-07-03T07:00:00.492Z,2022-07-09T07:00:00.492Z,Electronics Accessories & Supplies are on sale for limited time only. Valid while supplies last and when shipped & sold by Amazon.com. Discount reflected in current price.
Rainforest API,"KDG Full Motion TV Wall Mount with Height Setting, TV Mount Bracket for Most 32-65 Inch LED LCD 4K Flat Screen Curved TV, Articulating Swivel Tilt Extension Max VESA 400x400mm Loading up to 121lbs",APEXSTONE,35.69,,False,4.66,679.0,2022-07-04T07:00:00.492Z,2022-07-11T06:45:00.492Z,"KDG Full Motion TV Wall Mount with Height Setting, TV Mount Bracket for Most 32-65 Inch LED LCD 4K Flat Screen Curved TV, Articulating Swivel Tilt Extension Max VESA 400x400mm Loading up to 121lbs"
Rainforest API,LG 86NANO90UPA Alexa Built-In NanoCell 90 Series 86 inch 4K Smart UHD NanoCell TV,Amazon.com,1796.99,2699.99,False,4.59,463.0,2022-06-13T07:00:00.492Z,2022-07-18T06:59:59.492Z,"LG 86NANO90UPA Alexa Built-In NanoCell 90 Series 86"" 4K Smart UHD NanoCell TV"
Rainforest API,"Ceiling TV Mount,BLUE STONE Adjustable Height Telescoping Tilt and Swivel,Fits Most 28-55"" LCD LED Plasma Monitor Flat Panel Screen Display (28-55"")",APEXSTONE,33.99,46.99,False,4.68,49.0,2022-07-04T07:00:00.492Z,2022-07-11T06:45:00.492Z,"Ceiling TV Mount,BLUE STONE Adjustable Height Telescoping Tilt and Swivel,Fits Most 28-55"" LCD LED Plasma Monitor Flat Panel Screen Display (28-55"")"
Rainforest API,"ELIVED UL Listed Full Motion TV Monitor Wall Mount for Most 14-42 Inch LED LCD Flat Screen TVs & Monitors, Swivels Tilts Extension Rotation, Max VESA 200x200mm, up to 33 lbs",Elived Store,38.24 - 44.19,59.99,True,4.52,1555.0,2022-07-04T07:00:00.492Z,2022-07-11T06:45:00.492Z,"ELIVED UL Listed Full Motion TV Monitor Wall Mount for Most 14-42 Inch LED LCD Flat Screen TVs & Monitors, Swivels Tilts Extension Rotation, Max VESA 200x200mm, up to 33 lbs"
Rainforest API,"Chainstone Full Motion TV Wall Mount Monitor Wall Bracket for Most 28-60 Inch LED LCD OLED 4K TVs, Articulating Arms Swivel Tilt Extension Rotation Easy Center TV Mounts, Max VESA 400x400mm up 80 lbs",Modaxi-US,23.79,31.99,False,4.17,20.0,2022-07-04T07:00:00.492Z,2022-07-11T06:45:00.492Z,"Chainstone Full Motion TV Wall Mount Monitor Wall Bracket for Most 28-60 Inch LED LCD OLED 4K TVs, Articulating Arms Swivel Tilt Extension Rotation Easy Center TV Mounts, Max VESA 400x400mm up 80 lbs"
Rainforest API,"USB Microphone Podcast Recording Kit - Audio Cardioid Condenser Mic w/Desktop Stand and Pop Filter - for Gaming PS4, Streaming, Podcasting, Studio, YouTube, Works w/Windows Mac PC - Pyle PDMIKT120",Amazon.com,49.44,68.99,False,4.43,947.0,2022-06-28T11:00:00.512Z,2022-07-12T06:59:59.512Z,"USB Microphone Podcast Recording Kit - Audio Cardioid Condenser Mic w/Desktop Stand and Pop Filter - for Gaming PS4, Streaming, Podcasting, Studio, YouTube, Works w/Windows Mac PC - Pyle PDMIKT120"
Rainforest API,"WEMAX Projector Screen, Ambient Light Rejecting (ALR) Projection Screen for UST Ultra Short Throw Projection, Edge Free Fixed Frame Screen",WEMAX,424.99,699.99,False,3.68,15.0,2022-07-04T07:00:00.512Z,2022-07-11T06:45:00.512Z,"WEMAX Projector Screen, Ambient Light Rejecting (ALR) Projection Screen for UST Ultra Short Throw Projection, Edge Free Fixed Frame Screen"
Rainforest API,"JUSTSTONE Tilt TV Wall Mount Bracket for 40-90 Inches LED, Plasma Flat Screen Curved TVs, TV Mount with VESA 600x400mm, Fits 16"" to 24"" Studs and Loading Capacity 165 lbs, Low Profile and Space Save",JStone,31.44,39.99,False,4.63,2756.0,2022-07-04T07:00:00.512Z,2022-07-11T06:45:00.512Z,"JUSTSTONE Tilt TV Wall Mount Bracket for 40-90 Inches LED, Plasma Flat Screen Curved TVs, TV Mount with VESA 600x400mm, Fits 16"" to 24"" Studs and Loading Capacity 165 lbs, Low Profile and Space Save"
Rainforest API,"Full Motion TV Wall Mount for 32-70 Inch Flat&Curved TV, KDG TV Mount Bracket Dual Swivel Articulating Extension Tilt Arms with VESA 400x400mm Up to 121lbs",winstone ergonomic,33.99,59.99,False,4.66,124.0,2022-07-04T07:00:00.512Z,2022-07-11T06:45:00.512Z,"Full Motion TV Wall Mount for 32-70 Inch Flat&Curved TV, KDG TV Mount Bracket Dual Swivel Articulating Extension Tilt Arms with VESA 400x400mm Up to 121lbs"
Rainforest API,WALI Universal TV Stand Table Top for Flat Screen TV,Wali Electric,12.18 - 15.29,24.99,True,4.41,1656.0,2022-07-04T07:00:00.512Z,2022-07-11T06:45:00.512Z,WALI Universal TV Stand Table Top for Flat Screen TV
Rainforest API,Sony 65 inch X95J XR Full Array LED 4K Ultra HD Smart Google TV,Amazon.com,1298,1999.99,False,4.52,123.0,2022-07-04T07:00:00.512Z,2022-07-18T06:59:59.512Z,On sale for limited time only. Valid while supplies last and when shipped & sold by Amazon.com.
Rainforest API,"TransDeco TV stand with mount for 35-80 inch television, Espresso/Black",Amazon.com,337.84,479.95,False,4.34,218.0,2022-06-23T13:00:00.512Z,2022-07-07T06:59:59.512Z,"TransDeco TV stand with mount for 35-80 inch television, Espresso/Black"
Rainforest API,"Save on TV Wall Mount, Full Motion TV Wall Mount for Most 13-55 Inch LED LCD Flat Curved Screen TVs, Swivel Extension Articulating Rotation TV Mount Bracket with Max VESA 400x400mm and Holds up to 66lbs and more",Amazon.com,18.64 - 22.79,25.99 - 31.99,True,4.62,1710.0,2022-07-01T07:00:00.513Z,2022-07-11T07:00:00.512Z,"Save on TV Wall Mount, Full Motion TV Wall Mount for Most 13-55 Inch LED LCD Flat Curved Screen TVs, Swivel Extension Articulating Rotation TV Mount Bracket with Max VESA 400x400mm and Holds up to 66lbs and more"
Rainforest API,Electronics and Accessories,Amazon.com,6.9 - 254.1,18.99 - 449,True,4.25,597.0,2022-07-03T07:00:00.513Z,2022-07-09T07:00:00.513Z,Electronics and Accessories are on sale for limited time only. Valid while supplies last and when shipped & sold by Amazon.com. Discount reflected in current price.
Rainforest API,Sony UBP- X700M 4K Ultra HD Home Theater Streaming Blu-ray™ Player ,Amazon.com,248,329.99,False,4.5,1958.0,2022-07-04T07:00:00.513Z,2022-07-18T06:59:59.513Z,On sale for limited time only. Valid while supplies last and when shipped & sold by Amazon.com
Rainforest API,Up to 30% off Electronics from ERGOJOY,ERGOJOY,32.19 - 86.79,50.99 - 139.99,True,5.0,2.0,2022-06-29T05:00:00.513Z,2022-07-13T05:00:00.513Z,Up to 30% off Electronics from ERGOJOY
Rainforest API,Suptek TV Wall Mount A1 Series,Suptek,16.99,29.99,False,4.54,1555.0,2022-07-04T07:00:00.513Z,2022-07-11T06:45:00.513Z,Suptek TV Wall Mount A1 Series
Rainforest API,Up to 30% discount from AC Doctor INC,AC Doctor INC,17.5 - 23.22,44.26 - 50.82,True,5.0,4.0,2022-07-02T17:00:00.513Z,2022-07-16T17:00:00.513Z,Up to 30% discount from AC Doctor INC
Rainforest API,Projector Screen and Stand CENTURY-STAR 16:9 4K 3D Front Rear Anti-Crease Outdoor Projection Screen Portable Movie Screen with Carry Bag,QIFUTONG,90.09 - 91.79,,True,4.47,68.0,2022-07-04T07:00:00.513Z,2022-07-11T06:45:00.513Z,Projector Screen and Stand CENTURY-STAR 16:9 4K 3D Front Rear Anti-Crease Outdoor Projection Screen Portable Movie Screen with Carry Bag
Rainforest API,Deals from YJY SHOP,YJY SHOP,9.09 - 18.19,,True,4.52,38.0,2022-06-29T05:00:00.513Z,2022-07-13T05:00:00.513Z,Deals from YJY SHOP
Rainforest API,WEWATCH Projector Screen,WEWATCH,16.99 - 18.69,29.99 - 39.99,True,4.14,141.0,2022-07-04T07:00:00.513Z,2022-07-11T06:45:00.513Z,WEWATCH Projector Screen
Rainforest API,Sony 50 Inch X90J XR Full Array LED 4K Ultra HD Smart Google TV,Amazon.com,898,999.99,False,4.6,1966.0,2022-06-20T07:00:00.513Z,2022-07-18T06:59:59.513Z,On sale for limited time only. Valid while supplies last and when shipped & sold by Amazon.com.
Rainforest API,Wall Mount Compatible with Apple TV 4K 5th and 4th Generatio,Yibracki,9.99,14.99,False,4.53,17.0,2022-06-29T05:00:00.513Z,2022-07-13T05:00:00.513Z,Wall Mount Compatible with Apple TV 4K 5th and 4th Generatio
Rainforest API,Up to 30% off Electronics from SDUSEIO,SDUSEIO,8.39 - 9.79,,True,4.21,800.0,2022-06-25T17:00:00.513Z,2022-07-09T17:00:00.513Z,Up to 30% off Electronics from SDUSEIO
Rainforest API,LG 75-inch TVs,Amazon.com,799.99,1499.99,True,4.55,6214.0,2022-07-04T07:00:00.513Z,2022-07-18T06:59:59.513Z,On sale for limited time only. Valid while supplies last and when shipped & sold by Amazon.com. Discount reflected in current price.
Rainforest API,Delidigi HomePod Mini Wall Mount Stable Bracket Holder Shelf,Delidigi,9.09,,False,4.44,234.0,2022-07-02T17:00:00.513Z,2022-07-16T17:00:00.513Z,Delidigi HomePod Mini Wall Mount Stable Bracket Holder Shelf
Rainforest API,Computer Accessories,Amazon.com,9.3 - 206.9,14.99 - 389,True,5.0,2.0,2022-07-03T07:00:00.513Z,2022-07-09T07:00:00.513Z,Computer Accessories are on sale for limited time only. Valid while supplies last and when shipped & sold by Amazon.com. Discount reflected in current price.
Rainforest API,"USX MOUNT UL Listed Full Motion TV Wall Mount for Most 37-75 inch TV, Swivel and Tilt TV Mount with Dual Articulating Arms, Wall Mount TV Bracket Up to 132lbs, VESA 600x400mm, 16"" Wood Studs, XML019",,,,False,0.0,0.0,2022-07-05T12:25:00.513Z,2022-07-06T00:25:00.513Z,"USX MOUNT UL Listed Full Motion TV Wall Mount for Most 37-75 inch TV, Swivel and Tilt TV Mount with Dual Articulating Arms, Wall Mount TV Bracket Up to 132lbs, VESA 600x400mm, 16"" Wood Studs, XML019"
Rainforest API,"TV Wall Mount with 43” Long Arm, Full Motion TV Mount for 37-80” TVs, Swivel Tilt Extend Fits 24”18”16” Wood Studs, Loads 110lbs, Max VESA600X400mm by FORGING MOUNT",,,,False,0.0,0.0,2022-07-05T13:00:00.513Z,2022-07-06T01:00:00.513Z,"TV Wall Mount with 43” Long Arm, Full Motion TV Mount for 37-80” TVs, Swivel Tilt Extend Fits 24”18”16” Wood Studs, Loads 110lbs, Max VESA600X400mm by FORGING MOUNT"
Rainforest API,"PERLESMITH Full MotionTV Wall Mount for Most 37-70 Inch Flat Curved Screen, TV Mount Wall Bracket with Articulating Arms Swivel Tilt Leveling Holds up to 132lbs Max VESA 600x400mm",,,,False,0.0,0.0,2022-07-05T14:50:00.513Z,2022-07-06T02:50:00.513Z,"PERLESMITH Full MotionTV Wall Mount for Most 37-70 Inch Flat Curved Screen, TV Mount Wall Bracket with Articulating Arms Swivel Tilt Leveling Holds up to 132lbs Max VESA 600x400mm"
Rainforest API,"Perlegear Full Motion TV Wall Mount Bracket for Most 13-42 Inch LED LCD Flat Curved Screen TVs & Monitors, Swivel Tilt Extension Rotation with Articulating Arms, Max VESA 200x200mm up to 44lbs",,,,False,0.0,0.0,2022-07-05T14:55:00.513Z,2022-07-06T02:55:00.513Z,"Perlegear Full Motion TV Wall Mount Bracket for Most 13-42 Inch LED LCD Flat Curved Screen TVs & Monitors, Swivel Tilt Extension Rotation with Articulating Arms, Max VESA 200x200mm up to 44lbs"
Rainforest API,Universal TV Stand Table Top Pedestal with Bracket for 32”-60” LCD/LED/Plasma TVs-Height Adjustable TV Stand with 8mm Tempered Glass Base & Cable Management-Holds 99lbs & Max.VESA 600x400mm,,,,False,0.0,0.0,2022-07-05T15:45:00.513Z,2022-07-06T03:45:00.513Z,Universal TV Stand Table Top Pedestal with Bracket for 32”-60” LCD/LED/Plasma TVs-Height Adjustable TV Stand with 8mm Tempered Glass Base & Cable Management-Holds 99lbs & Max.VESA 600x400mm
Rainforest API,"MOUNTUP TV Wall Mount -Full Motion TV Wall Mount for Most 26-55 Inch（Some Up to 65''）Flat and Curved TV up to 88 LBS, Wall Mount TV Bracket with Dual Swivel Articulating Rod Max VESA 400x400mm MU0010",,,,False,0.0,0.0,2022-07-05T16:15:00.513Z,2022-07-06T04:15:00.513Z,"MOUNTUP TV Wall Mount -Full Motion TV Wall Mount for Most 26-55 Inch（Some Up to 65''）Flat and Curved TV up to 88 LBS, Wall Mount TV Bracket with Dual Swivel Articulating Rod Max VESA 400x400mm MU0010"
Rainforest API,"Projector Screen, HYZ 100 inch 16:9 Indoor & Outdoor HD Projection Screen, with 160° Viewing Angle, Wrinkle-Free Foldable Portable Rear and Front Screen for Home Movies Night",,,,False,0.0,0.0,2022-07-05T17:05:00.513Z,2022-07-06T05:05:00.513Z,"Projector Screen, HYZ 100 inch 16:9 Indoor & Outdoor HD Projection Screen, with 160° Viewing Angle, Wrinkle-Free Foldable Portable Rear and Front Screen for Home Movies Night"
Rainforest API,"WALI TV Wall Mount Articulating LCD Monitor Full Motion 15 inch Extension Arm Tilt Swivel for Most 13 to 30 inch LED TV Flat Panel Screen with VESA up to 100x100mm (1330LM), Black",,,,False,0.0,0.0,2022-07-05T17:45:00.513Z,2022-07-06T05:45:00.513Z,"WALI TV Wall Mount Articulating LCD Monitor Full Motion 15 inch Extension Arm Tilt Swivel for Most 13 to 30 inch LED TV Flat Panel Screen with VESA up to 100x100mm (1330LM), Black"
Rainforest API,"Mount-It! RV TV Mount, Lockable Full Motion TV Wall Mount Designed Specifically for RV or Mobile Home Use Single Arm Tilting and Swiveling 42 Inches Max, 33 Lb Capacity, VESA 200 Compatible",,,,False,0.0,0.0,2022-07-05T18:00:00.513Z,2022-07-06T06:00:00.513Z,"Mount-It! RV TV Mount, Lockable Full Motion TV Wall Mount Designed Specifically for RV or Mobile Home Use Single Arm Tilting and Swiveling 42 Inches Max, 33 Lb Capacity, VESA 200 Compatible"
Rainforest API,"USX MOUNT Fixed TV Wall Mount with Low Profile for Most 26-55 Inch LED, LCD and Flat Screen TVs, TV Mount Bracket with VESA Up to 400x400mm and Weight Capacity 99lbs,and Space Saving TV Bracket",,,,False,0.0,0.0,2022-07-05T18:20:00.513Z,2022-07-06T06:20:00.513Z,"USX MOUNT Fixed TV Wall Mount with Low Profile for Most 26-55 Inch LED, LCD and Flat Screen TVs, TV Mount Bracket with VESA Up to 400x400mm and Weight Capacity 99lbs,and Space Saving TV Bracket"
Rainforest API,WEWATCH Projector Screen with Stand,,,,False,0.0,0.0,2022-07-05T18:20:00.513Z,2022-07-06T06:20:00.513Z,WEWATCH Projector Screen with Stand
Rainforest API,"Mounting Dream TV Wall Mount TV Bracket for Most 42-75 Inch, Premium Full Motion TV Mount with Articulating Arms, Max 600x400mm, Up to 100LBS, Fits 16"", 18"", 24"" Studs, MD2622-24K",Mounting Dream,59.49,79.99,False,4.73,123.0,2022-07-04T18:00:00.513Z,2022-07-05T06:00:00.513Z,"Mounting Dream TV Wall Mount TV Bracket for Most 42-75 Inch, Premium Full Motion TV Mount with Articulating Arms, Max 600x400mm, Up to 100LBS, Fits 16"", 18"", 24"" Studs, MD2622-24K"
Rainforest API,"ELIVED Full Motion TV Wall Mount Swivel and Tilt for Most 42-70 Inch (Some up to 75"") Flat Screen TVs, TV Mount Bracket with Articulating Arms, Max VESA 600x400mm, 100 lbs. Loading, 12""/16"" Wood Studs",Elived Store,39.99,69.99,False,4.76,811.0,2022-07-04T18:00:00.514Z,2022-07-05T06:00:00.514Z,"ELIVED Full Motion TV Wall Mount Swivel and Tilt for Most 42-70 Inch (Some up to 75"") Flat Screen TVs, TV Mount Bracket with Articulating Arms, Max VESA 600x400mm, 100 lbs. Loading, 12""/16"" Wood Studs"
Rainforest API,LG OLED C1 Series 83” Alexa Built-in 4k Smart TV,Amazon.com,3996.99,5999.99,False,4.76,4718.0,2022-06-13T07:00:00.514Z,2022-07-05T06:59:59.514Z,LG OLED C1 Series 83” Alexa Built-in 4k Smart TV
Rainforest API,Definitive Technology Descend Series,Amazon.com,799,999,False,4.36,61.0,2022-06-20T04:00:00.514Z,2022-07-05T06:59:59.514Z,On sale for limited time only. Valid while supplies last and when shipped & sold by Amazon.com. Discount reflected in current price
Rainforest API,Sony 65 Inch X80K 4K Ultra HD LED Smart Google TV Dolby Vision HDR,Amazon.com,798,999.99,False,4.44,111.0,2022-06-20T07:00:00.514Z,2022-07-05T06:59:59.514Z,On sale for limited time only. Valid while supplies last and when shipped & sold by Amazon.com.
Target Deals Website,"TCL 50"" Class 4-Series 4K UHD HDR Smart Roku TV – 50S435",TCL,$299.99,$469.99,False,4.0,350.0,,,"['Stunning 4K Ultra HD – 4K resolution delivers stunning detail and a remarkable visual experience.', 'High Dynamic Range – HDR delivers bright and accurate colors for a lifelike viewing experience.', 'Thousands of streaming channels – Enjoy the over 500,000 movies and TV episodes available to stream plus sports, news, music, kids and family, food, science and tech, fitness, foreign language and so much more.', 'Easy Voice Control – Find movie titles, launch or change channels, even switch inputs, using just your voice. Access to voice control feature available through the Roku mobile app, compatible third-party voice assistant devices and voice-enabled remote controls that can be purchased separately. Works with Amazon Alexa and Google Assistant.', 'Simple, personalized home screen – Your favorite broadcast TV, streaming channels, gaming console and other devices are front-and-center. No more flipping through inputs or wading through complicated menus. Like apps on a smartphone, all your favorites are at your fingertips from the instant you turn it on.', 'Cord cutting made easy with smart features built-in – Cord cutters can access free, over-the-air HD content thanks to the Advanced digital TV Tuner with Live TV Channel Guide or watch live TV from popular cable-replacement services like YouTube TV, Sling, Hulu and more.']"
Target Deals Website,"VIZIO D-Series 40"" Class 1080p Full-Array LED HD Smart TV - D40f-J09",VIZIO,$199.99,$249.99,False,4.4,10674.0,,,"['1080p High-Definition - Watch TV in crisp, clear 1080p Full HD resolution.', 'Full Array LED Backlight - Evenly distributed LEDs across the screen’s backlight deliver superior light uniformity and picture performance.', 'SmartCast -  Instant access to the best selection of apps from top-tier streaming services like Netflix, Disney+, YouTube, HBO Max, discovery+ and many more right out of the box.', 'Apple AirPlay 2 and Chromecast Built-In - Stream, control, mirror and share your content from your Apple or Android devices directly to the TV.', ""What's Included - VIZIO Smart TV Remote with batteries, Quick Start Guide and User Manual."", '2 HDMI Ports - High-speed HDMI connectivity offers better video performance as well as Dolby Atmos and DTS:X passthrough for a more immersive audio experience.']"
Target Deals Website,"Hisense 55"" Class- A6G Series 4K UHD Android Smart TV - 55A6G",Hisense,$309.99,$429.99,False,4.0,41.0,,,"['4K Ultra HD', '1080p’s bigger, better looking brother. It has four times the resolution of a regular Full HD screen, along with 8.3 million pixels and a full array LED backlight creating a sharper, more colorful picture.', 'Dolby Vision™ HDR and HDR10', 'Cinema technology for your home. We’re talking more detail in the shadows, visibly clearer highlights and dramatically more vibrant colors. So good, it’s a Dolby Laboratories certified HDR product.', 'Android TV', 'Customize your Android TV home screen to display your favorite apps, shows, and movies. Cue the latest episode, pick up where you left off, or jump to a new show on your go-to app in no time.']"
Target Deals Website,"VIZIO V-Series 50"" Class 4K HDR Smart TV - V505-J09",VIZIO,$299.99,$379.99,False,4.5,3848.0,,,"['4K Ultra HD - Over 8 million pixels for breathtaking detail. 4 times the resolution of 1080p!', ""Full Array Backlight  LEDs are evenly distributed across the screen's backlight for superior light uniformity and picture performance."", 'SmartCast -  Instant access to the best selection of apps from top-tier streaming services like Netflix, Disney+, YouTube, HBO Max, discovery+ and many more right out of the box.', 'Apple AirPlay 2 and Chromecast Built-In - Stream, control, mirror and share your content from your Apple or Android devices directly to the TV.', ""What's Included - VIZIO Voice Remote with batteries, Power Cable, Quick Start Guide and User Manual."", '3 HDMI 2.1 Ports - Offers the highest video performance for 4K entertainment devices, superior audio quality with eARC for high bit-rate audio pass-through for Dolby Atmos and DTS:X.']"
Target Deals Website,"VIZIO D-Series 32"" Class 720p Full-Array LED HD Smart TV - D32h-J09",VIZIO,$159.99,$169.99,False,4.4,4409.0,,,"['720p HD Resolution - Watch TV in crystal-clear 720p resolution.', 'Full Array LED Backlight - Evenly distributed LEDs across the screen’s backlight deliver superior light uniformity and picture performance.', 'SmartCast -  Instant access to the best selection of apps from top-tier streaming services like Netflix, Disney+, YouTube, HBO Max, discovery+ and many more right out of the box.', 'Apple AirPlay 2 and Chromecast Built-In - Stream, control, mirror and share your content from your Apple or Android devices directly to the TV.', ""What's Included - VIZIO Smart TV Remote with batteries, Quick Start Guide and User Manual."", '2 HDMI Ports - High-speed HDMI connectivity offers better video performance as well as Dolby Atmos and DTS:X passthrough for a more immersive audio experience.']"
Target Deals Website,"VIZIO V-Series 65"" Class 4K HDR Smart TV - V655-J09",VIZIO,$499.99,$629.99,False,4.5,3764.0,,,"['4K Ultra HD - Over 8 million pixels for breathtaking detail. 4 times the resolution of 1080p!', ""Full Array Backlight  LEDs are evenly distributed across the screen's backlight for superior light uniformity and picture performance."", 'SmartCast -  Instant access to the best selection of apps from top-tier streaming services like Netflix, Disney+, YouTube, HBO Max, discovery+ and many more right out of the box.', 'Apple AirPlay 2 and Chromecast Built-In - Stream, control, mirror and share your content from your Apple or Android devices directly to the TV.', ""What's Included - VIZIO Voice Remote with batteries, Power Cable, Quick Start Guide and User Manual."", '3 HDMI 2.1 Ports - Offers the highest video performance for 4K entertainment devices, superior audio quality with eARC for high bit-rate audio pass-through for Dolby Atmos and DTS:X.']"
Target Deals Website,"TCL 32"" Class 3-Series HD Smart Roku TV – 32S325",TCL,$159.99,$209.99,False,4.3,1412.0,,,"['32S325 High Definition (720p) Resolution – Full high definition (720p) resolution for excellent detail, color, and contrast.', 'Thousands of streaming channels – Enjoy the over 500,000 movies and TV episodes available to stream plus sports, news, music, kids and family, food, science and tech, fitness, foreign language and so much more.', 'Easy Voice Control – Find movie titles, launch or change channels, even switch inputs, using just your voice. Access to voice control feature available through the Roku mobile app, compatible third-party voice assistant devices and voice-enabled remote controls that can be purchased separately. Works with Amazon Alexa and Google Assistant.', 'Simple, personalized home screen – Your favorite broadcast TV, streaming channels, gaming console and other devices are front-and-center. No more flipping through inputs or wading through complicated menus. Like apps on a smartphone, all your favorites are at your fingertips from the instant you turn it on.', 'Cord cutting made easy with smart features built-in – Cord cutters can access free, over-the-air HD content thanks to the Advanced digital TV Tuner with Live TV Channel Guide or watch live TV from popular cable-replacement services like YouTube TV, Sling, Hulu and more.', 'Easy-to-use remote – The super-simple remote—with about half the number of buttons on a traditional TV remote—puts you in control of your favorite entertainment.']"
Target Deals Website,"TCL 40"" Class 3-Series Full HD Smart Roku TV – 40S325",TCL,$199.99,$299.99,False,4.2,975.0,,,"['40S325 Full HD (1080p) Resolution – Full high definition (1080p) resolution for excellent detail, color, and contrast', 'Thousands of streaming channels – Enjoy the over 500,000 movies and TV episodes available to stream plus sports, news, music, kids and family, food, science and tech, fitness, foreign language and so much more.', 'Easy Voice Control – Find movie titles, launch or change channels, even switch inputs, using just your voice. Access to voice control feature available through the Roku mobile app, compatible third-party voice assistant devices and voice-enabled remote controls that can be purchased separately. Works with Amazon Alexa and Google Assistant.', 'Simple, personalized home screen – Your favorite broadcast TV, streaming channels, gaming console and other devices are front-and-center. No more flipping through inputs or wading through complicated menus. Like apps on a smartphone, all your favorites are at your fingertips from the instant you turn it on.', 'Cord cutting made easy with smart features built-in – Cord cutters can access free, over-the-air HD content thanks to the Advanced digital TV Tuner with Live TV Channel Guide or watch live TV from popular cable-replacement services like YouTube TV, Sling, Hulu and more.', 'Easy-to-use remote – The super-simple remote—with about half the number of buttons on a traditional TV remote—puts you in control of your favorite entertainment.']"
Target Deals Website,"Samsung 70"" Smart 4K Crystal HDR UHD TV TU7000 Series - Titan Gray",Samsung,$629.99,$749.99,False,4.5,8135.0,,,"['Crystal Processor 4K - This ultra-fast processor transforms everything you watch into stunning 4K.', 'Smart TV Powered by Tizen - Go beyond Smart TV with next-gen apps, super-easy control and a host of enhancements that elevate the TV-watching experience.', ""HDR - unveils shaded of color you can't find on HDTV."", 'Crystal Display - Experience crystal-clear colors that are fine-tuned to deliver a naturally crisp and vivid picture.', 'Universal Guide - One simple on-screen guide organizes your streaming and live TV content, while also making recommendations.', 'Game Enhancer - The TV automatically adjusts settings to help games run smoothly.']"
Target Deals Website,"Samsung 43"" Smart 4K Crystal HDR UHD TV TU7000 Series - Titan Gray",Samsung,$299.99,$399.99,False,4.5,8474.0,,,"['Crystal Processor 4K - This ultra-fast processor transforms everything you watch into stunning 4K.', 'Smart TV Powered by Tizen - Go beyond Smart TV with next-gen apps, super-easy control and a host of enhancements that elevate the TV-watching experience.', ""HDR - unveils shaded of color you can't find on HDTV."", 'Crystal Display - Experience crystal-clear colors that are fine-tuned to deliver a naturally crisp and vivid picture.', 'Universal Guide - One simple on-screen guide organizes your streaming and live TV content, while also making recommendations.', 'Game Enhancer - The TV automatically adjusts settings to help games run smoothly.']"
Target Deals Website,"VIZIO V-Series 58"" 4K LED Smart TV - V585-J01",VIZIO,$399.99,$559.99,False,4.5,3567.0,,,"['4K Ultra HD - Over 8 million pixels for breathtaking detail. 4 times the resolution of 1080p!', ""Full Array Backlight  LEDs are evenly distributed across the screen's backlight for superior light uniformity and picture performance."", 'SmartCast -  Instant access to the best selection of apps from top-tier streaming services like Netflix, Disney+, YouTube, HBO Max, discovery+ and many more right out of the box.', 'Apple AirPlay 2 and Chromecast Built-In - Stream, control, mirror and share your content from your Apple or Android devices directly to the TV.', ""What's Included - VIZIO Voice Remote with batteries, Power Cable, Quick Start Guide and User Manual."", '3 HDMI 2.1 Ports - Offers the highest video performance for 4K entertainment devices, superior audio quality with eARC for high bit-rate audio pass-through for Dolby Atmos and DTS:X.']"
Target Deals Website,"VIZIO V-Series 70"" Class 4K HDR Smart TV - V705-J03",VIZIO,$599.99,$639.99,False,4.5,3542.0,,,"['4K Ultra HD - Over 8 million pixels for breathtaking detail. 4 times the resolution of 1080p!', ""Full Array Backlight  LEDs are evenly distributed across the screen's backlight for superior light uniformity and picture performance."", 'SmartCast -  Instant access to the best selection of apps from top-tier streaming services like Netflix, Disney+, YouTube, HBO Max, discovery+ and many more right out of the box.', 'Apple AirPlay 2 and Chromecast Built-In - Stream, control, mirror and share your content from your Apple or Android devices directly to the TV.', ""What's Included - VIZIO Voice Remote with batteries, Power Cable, Quick Start Guide and User Manual."", '3 HDMI 2.1 Ports - Offers the highest video performance for 4K entertainment devices, superior audio quality with eARC for high bit-rate audio pass-through for Dolby Atmos and DTS:X.']"
Target Deals Website,"Samsung 55"" Smart 4K Crystal HDR UHD TV TU7000 Series (Titan Gray)",Samsung,$399.99,$499.99,False,4.5,8184.0,,,"['Crystal Processor 4K - This ultra-fast processor transforms everything you watch into stunning 4K.', 'Smart TV Powered by Tizen - Go beyond Smart TV with next-gen apps, super-easy control and a host of enhancements that elevate the TV-watching experience.', ""HDR - unveils shaded of color you can't find on HDTV."", 'Crystal Display - Experience crystal-clear colors that are fine-tuned to deliver a naturally crisp and vivid picture.', 'Universal Guide - One simple on-screen guide organizes your streaming and live TV content, while also making recommendations.', 'Game Enhancer - The TV automatically adjusts settings to help games run smoothly.']"
Target Deals Website,"Element 32"" 720p HD LED Roku TV",Element,$149.99,$199.99,False,4.3,523.0,,,"['Built-in smart Roku platform with easy-to-use Roku remote for endless streaming', 'Crisp 720P HD Resolution', 'Works with Google Assistant, Amazon Alexa, Apple AirPlay, and Apple HomeKit', 'Free Roku mobile app to easily control your Roku TV with everything you need to manage your streaming', 'Distance Between TV Feet: 27”']"
Target Deals Website,"Element 50"" 4K UHD Roku TV",Element,$279.99,$399.99,False,3.9,340.0,,,"['Built-in smart Roku platform with easy-to-use Roku remote for endless streaming', 'Striking 4K UHD (2160p) Resolution and HDR10 for the best viewing experience', 'Works with Google Assistant, Amazon Alexa, Apple AirPlay, and Apple HomeKit', 'Free Roku mobile app to easily control your Roku TV with everything you need to manage your streaming', 'Distance Between TV Feet: 41.8”']"
Target Deals Website,"VIZIO D-Series 32"" Class 1080p Full-Array LED HD Smart TV - D32F-J04",VIZIO,$179.99,$219.99,False,4.4,4040.0,,,"['1080p High-Definition - Watch TV in crisp, clear 1080p Full HD resolution.', 'Full Array LED Backlight - Evenly distributed LEDs across the screen’s backlight deliver superior light uniformity and picture performance.', 'SmartCast -  Instant access to the best selection of apps from top-tier streaming services like Netflix, Disney+, YouTube, HBO Max, discovery+ and many more right out of the box.', 'Apple AirPlay 2 and Chromecast Built-In - Stream, control, mirror and share your content from your Apple or Android devices directly to the TV.', ""What's Included - VIZIO Smart TV Remote with batteries, Quick Start Guide and User Manual."", '2 HDMI Ports - High-speed HDMI connectivity offers better video performance as well as Dolby Atmos and DTS:X passthrough for a more immersive audio experience.']"
Target Deals Website,"Samsung 65"" Smart 4K UHD TV (UN65AU8000) - Black",Samsung,$599.99,$799.99,False,4.6,1796.0,,,"[""Dynamic Crystal Color - Witness true-to-life color that can't be found on HDTV, with millions of shades revealed through powerful Dynamic Crystal technology."", ""Crystal Processor 4K - See every detail with stunning clarity. The powerful processor, specifically tuned for Crystal Displays, converts what you're watching to 4K."", 'Smart TV with Multiple Voice Assistants - Access a world of content beyond streaming. Schedule recordings, search, auto-adjust game settings, seamlessly connect with a host of compatible devices across your home, and control your TV with your voice, all with one easy-to-use remote.', '3 HDMI Ports - Connect up to 3 devices with HDMI.', 'HDR - Enjoy a whole new world of vivid color and detail found in newer films and streaming service content with HDR, also known as High Dynamic Range.', ""Motion Xcelerator - Never miss a beat with minimized blur and enhanced motion clarity, and catch all the fast-moving action whether you're watching sports or taking advantage of newer gaming capabilities.""]"
Target Deals Website,"VIZIO D-Series 24"" Class 1080p Full-Array LED HD Smart TV - D24f-J09",VIZIO,$149.99,$169.99,False,4.5,10255.0,,,"['1080p High-Definition - Watch TV in crisp, clear 1080p Full HD resolution.', 'Full Array LED Backlight - Evenly distributed LEDs across the screen’s backlight deliver superior light uniformity and picture performance.', 'SmartCast -  Instant access to the best selection of apps from top-tier streaming services like Netflix, Disney+, YouTube, HBO Max, discovery+ and many more right out of the box.', 'Apple AirPlay 2 and Chromecast Built-In - Stream, control, mirror and share your content from your Apple or Android devices directly to the TV.', ""What's Included - VIZIO Smart TV Remote with batteries, Quick Start Guide and User Manual."", '2 HDMI Ports - High-speed HDMI connectivity offers better video performance as well as Dolby Atmos and DTS:X passthrough for a more immersive audio experience.']"
Target Deals Website,"Element 24"" 720p HD LED TV - (ELEFT2416)",Element,$119.99,$139.99,False,4.1,226.0,,,"['720p Resolution', '60 Hz Refresh Rate', '1 HDMI Input, 1 USB Input', 'LED TV']"
Target Deals Website,"TCL 43"" Class 4-Series 4K UHD HDR Smart Roku TV – 43S435",TCL,$259.99,$369.99,False,4.2,739.0,,,"['Stunning 4K Ultra HD – 4K resolution delivers stunning detail and a remarkable visual experience.', 'High Dynamic Range – HDR delivers bright and accurate colors for a lifelike viewing experience.', 'Thousands of streaming channels – Enjoy the over 500,000 movies and TV episodes available to stream plus sports, news, music, kids and family, food, science and tech, fitness, foreign language and so much more.', 'Easy Voice Control – Find movie titles, launch or change channels, even switch inputs, using just your voice. Access to voice control feature available through the Roku mobile app, compatible third-party voice assistant devices and voice-enabled remote controls that can be purchased separately. Works with Amazon Alexa and Google Assistant.', 'Simple, personalized home screen – Your favorite broadcast TV, streaming channels, gaming console and other devices are front-and-center. No more flipping through inputs or wading through complicated menus. Like apps on a smartphone, all your favorites are at your fingertips from the instant you turn it on.', 'Cord cutting made easy with smart features built-in – Cord cutters can access free, over-the-air HD content thanks to the Advanced digital TV Tuner with Live TV Channel Guide or watch live TV from popular cable-replacement services like YouTube TV, Sling, Hulu and more.']"
Target Deals Website,"Samsung 50"" Smart 4K Crystal HDR UHD TV TU7000 Series - Titan Gray",Samsung,$379.99,$479.99,False,4.5,8207.0,,,"['Crystal Processor 4K - This ultra-fast processor transforms everything you watch into stunning 4K.', 'Smart TV Powered by Tizen - Go beyond Smart TV with next-gen apps, super-easy control and a host of enhancements that elevate the TV-watching experience.', ""HDR - unveils shaded of color you can't find on HDTV."", 'Crystal Display - Experience crystal-clear colors that are fine-tuned to deliver a naturally crisp and vivid picture.', 'Universal Guide - One simple on-screen guide organizes your streaming and live TV content, while also making recommendations.', 'Game Enhancer - The TV automatically adjusts settings to help games run smoothly.']"
Target Deals Website,"Samsung 55"" Smart 4K UHD TV (UN55AU8000) - Black",Samsung,$479.99,$629.99,False,4.6,1790.0,,,"[""Dynamic Crystal Color - Witness true-to-life color that can't be found on HDTV, with millions of shades revealed through powerful Dynamic Crystal technology."", ""Crystal Processor 4K - See every detail with stunning clarity. The powerful processor, specifically tuned for Crystal Displays, converts what you're watching to 4K."", 'Smart TV with Multiple Voice Assistants - Access a world of content beyond streaming. Schedule recordings, search, auto-adjust game settings, seamlessly connect with a host of compatible devices across your home, and control your TV with your voice, all with one easy-to-use remote.', '3 HDMI Ports - Connect up to 3 devices with HDMI.', 'HDR - Enjoy a whole new world of vivid color and detail found in newer films and streaming service content with HDR, also known as High Dynamic Range.', ""Motion Xcelerator - Never miss a beat with minimized blur and enhanced motion clarity, and catch all the fast-moving action whether you're watching sports or taking advantage of newer gaming capabilities.""]"
Target Deals Website,"VIZIO 65"" Class M6 Series 4K QLED HDR Smart TV - M65Q6-J09",VIZIO,$599.99,$719.99,False,4.5,969.0,,,"['4K Ultra HD - Over 8 million pixels for breathtaking detail. 4 times the resolution of 1080p!', ""Full Array Backlight with Active Pixel Tuning -Evenly distributed LEDs across the screen's backlight deliver superior light uniformity and picture performance."", 'SmartCast -  Instant access to the best selection of apps from top-tier streaming services like Netflix, Disney+, YouTube, HBO Max, discovery+ and many more right out of the box.', 'Apple AirPlay 2 and Chromecast Built-In - Stream, control, mirror and share your content from your Apple or Android devices directly to the TV.', ""What's Included - VIZIO Voice Remote with batteries, Power Cable, Quick Start Guide and User Manual."", '3 HDMI 2.1 Ports - Offers the highest video performance for 4K entertainment devices, superior audio quality with eARC for high bit-rate audio pass-through for Dolby Atmos and DTS:X.']"
Target Deals Website,"Element 40"" 1080p FHD LED Roku TV",Element,$199.99,$269.99,False,4.3,271.0,,,"['Built-in smart Roku platform with easy-to-use Roku remote for endless streaming', 'Crisp 1080P FHD Resolution', 'Works with Google Assistant, Amazon Alexa, Apple AirPlay, and Apple HomeKit', 'Free Roku mobile app to easily control your Roku TV with everything you need to manage your streaming', 'Distance Between TV Feet: 33.3”']"
Target Deals Website,"VIZIO V-Series 43"" Class 4K HDR Smart TV - V435-J01",VIZIO,$289.99,$309.99,False,4.6,31713.0,,,"['4K Ultra HD - Over 8 million pixels for breathtaking detail. 4 times the resolution of 1080p!', ""Full Array Backlight  LEDs are evenly distributed across the screen's backlight for superior light uniformity and picture performance."", 'SmartCast -  Instant access to the best selection of apps from top-tier streaming services like Netflix, Disney+, YouTube, HBO Max, discovery+ and many more right out of the box.', 'Apple AirPlay 2 and Chromecast Built-In - Stream, control, mirror and share your content from your Apple or Android devices directly to the TV.', ""What's Included - VIZIO Voice Remote with batteries, Power Cable, Quick Start Guide and User Manual."", '3 HDMI 2.1 Ports - Offers the highest video performance for 4K entertainment devices, superior audio quality with eARC for high bit-rate audio pass-through for Dolby Atmos and DTS:X.']"
Target Deals Website,"LG 65"" Class 4K UHD Smart OLED TV - OLED65C2PUA",LG Electronics,"$2,099.99","$2,499.99",False,4.9,78.0,,,"['OLED evo', 'Α9Gen5 AIProcessor 4K: AI Picture Pro & AI Sound Pro', 'Cinema HDR (Dolby Vision, HDR10, HLG), Dynamic Tone Mapping Pro', 'Home Cinema: Dolby Vision IQ, Dolby Atmos, and FILMMAKER MODE', 'WebOS 22 w/ Magic Remote', 'LG Channels: Free access to programming on over 300+ LG Channels']"
Target Deals Website,"Element 43"" 4K UHD Roku TV",Element,$249.99,$329.99,False,4.3,362.0,,,"['Built-in smart Roku platform with easy-to-use Roku remote for endless streaming', 'Striking 4K UHD (2160p) Resolution and HDR10 for the best viewing experience', 'Works with Google Assistant, Amazon Alexa, Apple AirPlay, and Apple HomeKit', 'Free Roku mobile app to easily control your Roku TV with everything you need to manage your streaming', 'Distance Between TV Feet: 34”']"
Target Deals Website,"Westinghouse 50"" 4K Ultra HD Roku Smart TV with HDR",Westinghouse,$299.99,$429.99,False,3.3,108.0,,,"['50” 4K UHD Roku TV with HDR10', 'Dolby Audio', '3 HDMI (1 ARC), 1 USB', 'Built-In Wi-Fi', 'Access Top Streaming & International Channels', 'Compatible with your Amazon Alexa, Apple AirPlay2 or Google Assistant-enabled devices.']"
Target Deals Website,"LG 75"" NanoCell 4K UHD Smart LED HDR TV - 75NANO75",LG Electronics,$899.99,"$1,349.99",False,4.6,569.0,,,"['Real 4K NanoCell Display', 'Quad Core Processor 4K', 'Built-in acess to Netflix, Prime Video, Apple TV+, Disney+, LG Channels', 'Home Cinema Experience: Active HDR, HDR10, Filmmaker Mode', 'Ultimate Gameplay: Game Optimizer, ALLM, eARC, HGiG', 'webOS + LG ThinQ AI w/ Magic Remote']"
Target Deals Website,"TCL 65"" Roku 4K UHD HDR Smart TV - 65S435",TCL,$449.99,$719.99,False,3.8,356.0,,,"['Stunning 4K Ultra HD – 4K resolution delivers stunning detail and a remarkable visual experience.', 'High Dynamic Range – HDR delivers bright and accurate colors for a lifelike viewing experience.', 'Thousands of streaming channels – Enjoy the over 500,000 movies and TV episodes available to stream plus sports, news, music, kids and family, food, science and tech, fitness, foreign language and so much more.', 'Easy Voice Control – Find movie titles, launch or change channels, even switch inputs, using just your voice. Access to voice control feature available through the Roku mobile app, compatible third-party voice assistant devices and voice-enabled remote controls that can be purchased separately. Works with Amazon Alexa and Google Assistant.', 'Simple, personalized home screen – Your favorite broadcast TV, streaming channels, gaming console and other devices are front-and-center. No more flipping through inputs or wading through complicated menus. Like apps on a smartphone, all your favorites are at your fingertips from the instant you turn it on.', 'Cord cutting made easy with smart features built-in – Cord cutters can access free, over-the-air HD content thanks to the Advanced digital TV Tuner with Live TV Channel Guide or watch live TV from popular cable-replacement services like YouTube TV, Sling, Hulu and more.']"
Target Deals Website,"Element 65"" 4K UHD Roku TV",Element,$499.99,$629.99,False,3.4,249.0,,,"['Built-in smart Roku platform with easy-to-use Roku remote for endless streaming', 'Striking 4K UHD (2160p) Resolution and HDR10 for the best viewing experience', 'Works with Google Assistant, Amazon Alexa, Apple AirPlay, and Apple HomeKit', 'Free Roku mobile app to easily control your Roku TV with everything you need to manage your streaming', 'Distance Between TV Feet: 52.6”']"
Target Deals Website,"LG 65"" Class 4K UHD Smart LED TV - 65UQ7570PUJ",LG Electronics,$529.99,$579.99,False,5.0,1.0,,,"['Real 4K Display w/ 4K UHD Resolution', 'a5 Gen 5 AI Processor 4K: 4K Upscaling & AI Sound', 'Active HDR (HDR10, HLG), Dynamic Tone Mapping, FILMMAKER MODE', 'webOS 22: Netflix, Prime Video, the Apple TV app, Disney+, HBO Max & more', 'LG Channels: Free access to programming on over 300+ LG Channels', 'Game Optimizer, HGIG & ALLM']"
Target Deals Website,"Samsung 50"" Smart 4K UHD TV (UN50AU8000) - Black",Samsung,$429.99,$569.99,False,4.6,1839.0,,,"[""Dynamic Crystal Color - Witness true-to-life color that can't be found on HDTV, with millions of shades revealed through powerful Dynamic Crystal technology."", ""Crystal Processor 4K - See every detail with stunning clarity. The powerful processor, specifically tuned for Crystal Displays, converts what you're watching to 4K."", 'Smart TV with Multiple Voice Assistants - Access a world of content beyond streaming. Schedule recordings, search, auto-adjust game settings, seamlessly connect with a host of compatible devices across your home, and control your TV with your voice, all with one easy-to-use remote.', '3 HDMI Ports - Connect up to 3 devices with HDMI.', 'HDR - Enjoy a whole new world of vivid color and detail found in newer films and streaming service content with HDR, also known as High Dynamic Range.', ""Motion Xcelerator - Never miss a beat with minimized blur and enhanced motion clarity, and catch all the fast-moving action whether you're watching sports or taking advantage of newer gaming capabilities.""]"
Target Deals Website,"Samsung 60"" Smart 4K Crystal HDR UHD TV TU7000 Series - Titan Gray (UN60TU7000)",Samsung,$499.99,$599.99,False,4.5,7701.0,,,"['Crystal Processor 4K - This ultra-fast processor transforms everything you watch into stunning 4K.', 'Smart TV Powered by Tizen - Go beyond Smart TV with next-gen apps, super-easy control and a host of enhancements that elevate the TV-watching experience.', ""HDR - unveils shaded of color you can't find on HDTV."", 'Crystal Display - Experience crystal-clear colors that are fine-tuned to deliver a naturally crisp and vivid picture.', 'Universal Guide - One simple on-screen guide organizes your streaming and live TV content, while also making recommendations.', 'Game Enhancer - The TV automatically adjusts settings to help games run smoothly.']"
Target Deals Website,"LG 55"" NanoCell 4K UHD Smart LED HDR TV - 55NANO75",LG Electronics,$499.99,$699.99,False,4.7,559.0,,,"['Real 4K NanoCell Display', 'Quad Core Processor 4K', 'Built-in acess to Netflix, Prime Video, Apple TV+, Disney+, LG Channels', 'Home Cinema Experience: Active HDR, HDR10, Filmmaker Mode', 'Ultimate Gameplay: Game Optimizer, ALLM, eARC, HGiG', 'webOS + LG ThinQ AI w/ Magic Remote']"
Target Deals Website,"LG 43"" Class 4K UHD Smart LED TV - 43UQ7590PUB",LG Electronics,$299.99,$329.99,False,5.0,1.0,,,"['Real 4K Display w/ 4K UHD Resolution', 'a5 Gen 5 AI Processor 4K: 4K Upscaling & AI Sound', 'Active HDR (HDR10, HLG), Dynamic Tone Mapping, FILMMAKER MODE', 'webOS 22: Netflix, Prime Video, the Apple TV app, Disney+, HBO Max & more', 'LG Channels: Free access to programming on over 300+ LG Channels', 'Game Optimizer, HGIG & ALLM']"
Target Deals Website,"Westinghouse 43"" 4K Ultra HD Roku Smart TV with HDR",Westinghouse,$249.99,$349.99,False,3.4,147.0,,,"['43” 4K UHD Roku TV with HDR10', 'Dolby Audio', '3 HDMI (1 ARC), 1 USB', 'Built-In Wi-Fi', 'Access Top Streaming & International Channels', 'Compatible with your Amazon Alexa, Apple AirPlay2, or Google Assistant-enabled devices.']"
Target Deals Website,"Samsung 32"" Smart HD LED TV - Black (UN32M4500)",Samsung,$199.99,$219.99,False,4.2,574.0,,,"['Comes with WI-FI', 'Features a built-in web browser', 'HD 720P video quality', 'Screen refresh rate of 60HZ', 'Get ready to change your television watching experience with this smart\n tv']"
Target Deals Website,"LG 55"" Class 4K UHD Smart OLED HDR TV - OLED55A1",LG Electronics,$949.99,"$1,399.99",False,4.8,305.0,,,"['Self-lighting OLED: Perfect Black, Intense Color, Infinite Contrast', 'α7 GEN4 AI Processor w/ AI Picture & Sound', 'Dolby Vision IQ & Dolby Atmos', 'webOS + LG ThinQ AI w/ Magic Remote', 'Gaming: ALLM, HGIG, Game Optimizer']"
Target Deals Website,"Hisense 55"" Class- A6G Series 4K UHD Android Smart TV - 55A6G",Hisense,$309.99,$429.99,False,4.0,41.0,,,"['4K Ultra HD', '1080p’s bigger, better looking brother. It has four times the resolution of a regular Full HD screen, along with 8.3 million pixels and a full array LED backlight creating a sharper, more colorful picture.', 'Dolby Vision™ HDR and HDR10', 'Cinema technology for your home. We’re talking more detail in the shadows, visibly clearer highlights and dramatically more vibrant colors. So good, it’s a Dolby Laboratories certified HDR product.', 'Android TV', 'Customize your Android TV home screen to display your favorite apps, shows, and movies. Cue the latest episode, pick up where you left off, or jump to a new show on your go-to app in no time.']"
Target Deals Website,"LG 48"" Class 4K UHD Smart OLED HDR TV - OLED48C1",LG Electronics,$799.99,"$1,299.99",False,4.8,3877.0,,,"['OLED Display: self-lighting pixels, perfect black, infinite contrast, intense color, billion rich colors', 'α9 Gen 4 AI Processor: AI Picture Pro & AI Sound Pro', 'Dolby Vision IQ and Dolby Atmos', 'webOS + ThinQ AI w/ Magic Remote', 'Ultimate Gameplay: Game Optimizer, VRR, ALLM, eARC, HGiG, NVIDIA G-SYNC, FreeSync', 'HDMI 2.1 (all ports)""']"
Target Deals Website,"Hisense 50"" Class- A6G Series 4K UHD Android Smart TV - 50A6G",Hisense,$289.99,$389.99,False,4.6,34.0,,,"['4K Ultra HD', '1080p’s bigger, better looking brother. It has four times the resolution of a regular Full HD screen, along with 8.3 million pixels and a full array LED backlight creating a sharper, more colorful picture.', 'Dolby Vision™ HDR and HDR10', 'Cinema technology for your home. We’re talking more detail in the shadows, visibly clearer highlights and dramatically more vibrant colors. So good, it’s a Dolby Laboratories certified HDR product.', 'Android TV', 'Customize your Android TV home screen to display your favorite apps, shows, and movies. Cue the latest episode, pick up where you left off, or jump to a new show on your go-to app in no time.']"
Target Deals Website,"Samsung 85"" 4K UHD Smart TV - Titan Gray (UN85TU7000)",Samsung,"$1,399.99","$1,499.99",False,4.5,7658.0,,,"['Crystal Processor 4K - This ultra-fast processor transforms everything you watch into stunning 4K.', 'Smart TV Powered by Tizen - Go beyond Smart TV with next-gen apps, super-easy control and a host of enhancements that elevate the TV-watching experience.', ""HDR - unveils shaded of color you can't find on HDTV."", 'Crystal Display - Experience crystal-clear colors that are fine-tuned to deliver a naturally crisp and vivid picture.', 'Universal Guide - One simple on-screen guide organizes your streaming and live TV content, while also making recommendations.', 'Game Enhancer - The TV automatically adjusts settings to help games run smoothly.']"
Target Deals Website,"LG 77"" Class 4K UHD Smart OLED TV - OLED77C2PUA",LG Electronics,"$3,299.99","$3,499.99",False,5.0,39.0,,,"['OLED evo', 'Α9Gen5 AIProcessor 4K: AI Picture Pro & AI Sound Pro', 'Cinema HDR (Dolby Vision, HDR10, HLG), Dynamic Tone Mapping Pro', 'Home Cinema: Dolby Vision IQ, Dolby Atmos and FILMMAKER MODE', 'WebOS 22 w/ Magic Remote', 'LG Channels: Free access to programming on over 300+ LG Channels']"
Target Deals Website,"TCL 75"" Class 4-Series 4K UHD HDR Smart Roku TV – 75S435",TCL,$699.99,$999.99,False,2.5,28.0,,,"['Stunning 4K Ultra HD – 4K resolution delivers stunning detail and a remarkable visual experience.', 'High Dynamic Range – HDR delivers bright and accurate colors for a lifelike viewing experience.', 'Thousands of streaming channels – Enjoy the over 500,000 movies and TV episodes available to stream plus sports, news, music, kids and family, food, science and tech, fitness, foreign language and so much more.', 'Easy Voice Control – Find movie titles, launch or change channels, even switch inputs, using just your voice. Access to voice control feature available through the Roku mobile app, compatible third-party voice assistant devices and voice-enabled remote controls that can be purchased separately. Works with Amazon Alexa and Google Assistant.', 'Simple, personalized home screen – Your favorite broadcast TV, streaming channels, gaming console and other devices are front-and-center. No more flipping through inputs or wading through complicated menus. Like apps on a smartphone, all your favorites are at your fingertips from the instant you turn it on.', 'Cord cutting made easy with smart features built-in – Cord cutters can access free, over-the-air HD content thanks to the Advanced digital TV Tuner with Live TV Channel Guide or watch live TV from popular cable-replacement services like YouTube TV, Sling, Hulu and more.']"
Target Deals Website,"LG 70"" Class 4K UHD Smart LED TV - 70UQ7590PUB",LG Electronics,$629.99,$679.99,False,,,,,"['Real 4K Display w/ 4K UHD Resolution', 'a5 Gen 5 AI Processor 4K: 4K Upscaling & AI Sound', 'Active HDR (HDR10, HLG), Dynamic Tone Mapping, FILMMAKER MODE', 'webOS 22: Netflix, Prime Video, the Apple TV app, Disney+, HBO Max & more', 'LG Channels: Free access to programming on over 300+ LG Channels', 'Game Optimizer, HGIG & ALLM']"
Target Deals Website,"Westinghouse 43"" FHD Roku Smart TV - Black",Westinghouse,$279.99,$329.99,False,3.8,37.0,,,"['43"" FHD  Roku TV', 'Dolby Audio', '3 HDMI 1.4 (1 ARC), 2 USB', 'Built-In Wi-Fi', 'Access Top Streaming & International Channels', 'Compatible with your Apple AirPlay, Apple HomeKit, Amazon Alexa, and Google Assistant-enabled devices.']"
Target Deals Website,"LG 86"" Class 4K UHD Smart LED TV - 86UQ7590PUD",LG ElectronicsNew at target¬,"$1,399.99","$1,799.99",False,,,,,"['Real 4K Display w/ 4K UHD Resolution', 'a5 Gen 5 AI Processor 4K: 4K Upscaling & AI Sound', 'Active HDR (HDR10, HLG), Dynamic Tone Mapping, FILMMAKER MODE', 'webOS 22: Netflix, Prime Video, the Apple TV app, Disney+, HBO Max & more', 'LG Channels: Free access to programming on over 300+ LG Channels', 'Game Optimizer, HGIG & ALLM']"
Target Deals Website,"Samsung 40"" Smart FHD LED TV - Black (UN40N5200)",Samsung,$279.99,$299.99,False,3.7,189.0,,,"['Full HD 1080p Resolution - 2x the clarity. Bring all your favorite TV shows, movies, games and media content to life in vivid, vibrant Full HD 1080p with twice the resolution of standard HD TV.', 'PurColor - Get a more colorful viewing experience. Watch your favorite TV shows with natural colors that deliver details as crisp as the real thing.', 'Micro Dimming Pro - Experience shadow detail and color. Dividing the screen into zones, Micro Dimming Pro analyzes each one for deeper blacks and purer whites.', 'Samsung Smart TV - An intelligent way to enjoy your content. Get to your entertainment the faster, easier, and more intelligent way. Easily access your streaming services all in one place using the Samsung Remote Control.', 'SmartThings App Support - One app. All set to go. Have several smart devices to manage? No problem. Simply download SmartThings App on your smart phone to control your connected devices all in one screen!.', 'Content Sync & Share - Never miss a moment. Sync your TV to your compatible smartphone to access and control your content on the big screen.*Some features vary. Connection to the same Wi-Fi network required.']"
Target Deals Website,"Samsung QN50Q80BA 50"" QLED 4K Smart TV (2022)",Samsung,$947.99,$999.99,False,4.8,59.0,,,"['Direct Full Array Backlighting', 'Quantum Processor with 4K Upscaling', 'Quantum HDR 12X', 'Dolby Atmos and Object Tracking Sound', 'Real Depth Enhancer']"
Target Deals Website,"Hisense 65"" Class- A6G Series 4K UHD Android Smart TV - 65A6G",Hisense,$449.99,$539.99,False,4.1,29.0,,,"['4K Ultra HD', '1080p’s bigger, better looking brother. It has four times the resolution of a regular Full HD screen, along with 8.3 million pixels and a full array LED backlight creating a sharper, more colorful picture.', 'Dolby Vision™ HDR and HDR10', 'Cinema technology for your home. We’re talking more detail in the shadows, visibly clearer highlights and dramatically more vibrant colors. So good, it’s a Dolby Laboratories certified HDR product.', 'Android TV', 'Customize your Android TV home screen to display your favorite apps, shows, and movies. Cue the latest episode, pick up where you left off, or jump to a new show on your go-to app in no time.']"
Target Deals Website,"Samsung 60"" Smart QLED 4K UHD TV - Titan Gray (QN60Q60B)",Samsung,$799.99,$899.99,False,4.8,140.0,,,"['100% Color Volume with Quantum Dot* - Bask in a billion shades of brilliant color at 100% Color Volume. Quantum Dot technology brings you a gorgeous picture by transforming light into vivid color that stays true for bold detail, even as the scene brightens. *QLED televisions can produce 100% Color Volume in the DCI P3 color space, the format for most cinema screens and HDR movies for television.', 'Quantum Processor Lite with 4K Upscaling - Everything on your screen is upgraded to 4K resolution by a smart, powerful processor. Turn on your TV and see your favorite shows and movies automatically transformed to 4K thanks to the smart and fast Quantum Processor 4K Lite.', 'Duel LED - Enjoy natural, real life colors with dedicated warm and cool Dual LED backlights. Whatever you watch, you’ll notice amazing color tones with backlighting that automatically adapts the contrast to match your content in real time.', 'Quantum HDR - Go beyond HDTV with Quantum HDR that delivers an expanded range of color and contrast. With an impressive spectrum that deepens blacks and brightens whites, you’ll finally see the details in the Hollywood movies and shows with HDR.', 'Smart TV with Multiple Voice Assistants - Just speak up your favorite Voice Assistant is ready to help. Voice Assistants are built into your Samsung TV. Simply use your voice to find the content you love, control your connected home and more.', 'Motion Xcelerator - Watch the fast action in your movies, sports and games get crisp and clear. You won’t miss a beat with Motion Xcelerator features that minimize the blur and improve the motion clarity of the high speed, high intensity content you love.']"
Target Deals Website,"VIZIO 70"" Class M7 Series Premium 4K QLED HDR Smart TV with Dolby Vision, Voice Remote and Gaming Engine - M70Q7-J03",VIZIO,$699.99,"$1,099.99",False,4.5,441.0,,,"['4K Ultra HD - Over 8 million pixels for breathtaking detail. 4 times the resolution of 1080p!', 'Active Full Array with up to 30 Local Dimming Zones - Intelligent adjustment of the active full array backlight to deliver deep black levels for stunning depth and contrast.', 'SmartCast -  Instant access to the best selection of apps from top-tier streaming services like Netflix, Disney+, YouTube, HBO Max, discovery+ and many more right out of the box.', 'Apple AirPlay 2 and Chromecast Built-In - Stream, control, mirror and share your content from your Apple or Android devices directly to the TV.', ""What's Included - VIZIO Voice Remote with batteries, Power Cable, Quick Start Guide and User Manual."", '4 HDMI 2.1 Ports - Offers the highest video performance for 4K entertainment devices, superior audio quality with eARC for high bit-rate audio pass-through for Dolby Atmos and DTS:X.']"
Target Deals Website,"Samsung 50"" Smart QLED 4K UHD TV - Titan Gray (QN50Q60B)",Samsung,$599.99,$649.99,False,4.8,141.0,,,"['100% Color Volume with Quantum Dot* - Bask in a billion shades of brilliant color at 100% Color Volume. Quantum Dot technology brings you a gorgeous picture by transforming light into vivid color that stays true for bold detail, even as the scene brightens. *QLED televisions can produce 100% Color Volume in the DCI P3 color space, the format for most cinema screens and HDR movies for television.', 'Quantum Processor Lite with 4K Upscaling - Everything on your screen is upgraded to 4K resolution by a smart, powerful processor. Turn on your TV and see your favorite shows and movies automatically transformed to 4K thanks to the smart and fast Quantum Processor 4K Lite.', 'Duel LED - Enjoy natural, real life colors with dedicated warm and cool Dual LED backlights. Whatever you watch, you’ll notice amazing color tones with backlighting that automatically adapts the contrast to match your content in real time.', 'Quantum HDR - Go beyond HDTV with Quantum HDR that delivers an expanded range of color and contrast. With an impressive spectrum that deepens blacks and brightens whites, you’ll finally see the details in the Hollywood movies and shows with HDR.', 'Smart TV with Multiple Voice Assistants - Just speak up your favorite Voice Assistant is ready to help. Voice Assistants are built into your Samsung TV. Simply use your voice to find the content you love, control your connected home and more.', 'Motion Xcelerator - Watch the fast action in your movies, sports and games get crisp and clear. You won’t miss a beat with Motion Xcelerator features that minimize the blur and improve the motion clarity of the high speed, high intensity content you love.']"
Target Deals Website,"Sony 55"" Class BRAVIA XR X90K Series 4K HDR Full Array LED TV with smart Google TV - XR55X90K",Sony,"$1,099.99","$1,299.99",False,,,,,"['Intelligent TV processing – The Cognitive Processor XR understands how humans see to deliver intense contrast with deep blacks, high peak brightness, and natural colors.', 'Full Array LED contrast – Precisely controlled backlighting delivers deep black, high peak brightness and is further enhanced by XR Contrast Booster 10 for real-life depth and detail.', 'Perfect for PlayStation® 5 – Take your gaming to the next level with input lag as low as 8.5ms and BRAVIA XR exclusive features for the PlayStation 5 – Auto HDR Tone Mapping & Auto Genre Picture Switch.', 'Wide spectrum of colors - Rediscover everything you watch with billions of accurate colors and see impressive picture quality that is natural and beautiful, enhanced by XR Triluminos Pro.', 'Premium smart TV – Google TV with Google Assistant organizes your favorite content all in one place. Stream from Netflix, Disney+, Apple TV, HBO Max, Peacock and many more. Also, stream from your Apple device with AirPlay 2 support.', 'Movies included with BRAVIA CORE – Bring the cinematic experience home. Enjoy streaming included high-quality 4K UHD quality movies with the BRAVIA CORE app, exclusively on select Sony TVs.']"
Target Deals Website,"LG 55"" Class 4K UHD Smart LED TV - 55UQ9000PUD",LG Electronics,$479.99,$499.99,False,5.0,1.0,,,"['Real 4K Display w/ 4K UHD Resolution', 'α5 Gen 5 AI Processor 4K: 4K upscaling & AI Sound Pro', 'Active HDR (HDR10, HLG), Dynamic Tone Mapping, FILMMAKER MODE', 'webOS 22 w/ Magic Remote', 'LG Channels: Free access to programming on over 300+ LG Channels', 'Game Optimizer & Dashboard UHD: ALLM, HGiG']"
Target Deals Website,"VIZIO 58"" Class M7 Series 4K QLED HDR Smart TV - M58Q7-J01",VIZIO,$599.99,$769.99,False,4.5,442.0,,,"['4K Ultra HD - Over 8 million pixels for breathtaking detail. 4 times the resolution of 1080p!', 'Active Full Array with up to 27 Local Dimming Zones - Intelligent adjustment of the active full array backlight to deliver deep black levels for stunning depth and contrast.', 'SmartCast -  Instant access to the best selection of apps from top-tier streaming services like Netflix, Disney+, YouTube, HBO Max, discovery+ and many more right out of the box.', 'Apple AirPlay 2 and Chromecast Built-In - Stream, control, mirror and share your content from your Apple or Android devices directly to the TV.', ""What's Included - VIZIO Voice Remote with batteries, Power Cable, Quick Start Guide and User Manual."", '4 HDMI 2.1 Ports - Offers the highest video performance for 4K entertainment devices, superior audio quality with eARC for high bit-rate audio pass-through for Dolby Atmos and DTS:X.']"
Target Deals Website,"Sony 55"" Class X80K Series 4K HDR LED with smart Google TV- KD55X80K",Sony,$699.99,$749.99,False,5.0,1.0,,,"['Intelligent TV processing – The 4K HDR Processor X1™ delivers a picture that is smooth and clear, full of rich colors and detailed contrast.', 'Wide spectrum of colors - Reproduces over a billion accurate colors resulting in picture quality that is natural and precise, and closer than ever to real life, enhanced by TRILUMINOS Pro™.', 'Premium smart TV – Google TV™ with Google Assistant organizes your favorite content all in one place.1 Stream from Netflix, Disney+, Apple TV, HBO Max, Peacock and many more. Also, stream from your Apple device with AirPlay 2 support.', 'Enhanced entertainment – Experience immersive and engaging cinematic content as the creator intended with support for Dolby Vision & Atmos.', 'Enhanced gaming picture quality – Enhance your gaming experience with exclusive features for the PlayStation® 5 to improve gaming picture quality.', 'Flush surface design – Your eyes naturally focus on the immersive big picture with a flush surface narrow bezel design.']"
Target Deals Website,"Sony 65"" Class BRAVIA XR OLED 4K Ultra HD Smart Google TV with Dolby Vision HDR (XR65A90J)",Sony,"$2,798.00","$3,999.99",False,4.6,431.0,,,"['COGNITIVE PROCESSOR XR™ – Revolutionary TV processing technology that understands how humans see and hear to deliver intense contrast with pure blacks, high peak brightness, and natural colors.', 'XR TRILUMINOS PRO™ - Rediscover everything you watch with billions of accurate colors and see impressive picture quality that is natural and beautiful to the human eye.', 'XR OLED CONTRAST PRO – Feel immersive depth and realism with ultimate blacks and our brightest-ever OLED picture.', 'GOOGLE TV™ – See 700,000+ movies and TV episodes, plus live TV, all in one place. Google TV brings your favorite content from across your apps and subscriptions and organizes them just for you. Watch content from Netflix, Amazon Prime Video, Disney+, YouTube, the Apple TV app, and many more.', 'BRAVIA CORE™ – Bring the cinematic experience home. Enjoy streaming high-quality movies included with BRAVIA CORE™, exclusively on select Sony TVs.', 'HDMI 2.1 – Get the most out of next-gen gaming with BRAVIA XR HDMI 2.1 enabled TVs featuring 4K/120fps and BRAVIA Game Mode for increased frame rate and reduced input lag.']"
Target Deals Website,"LG 43"" Class 4K UHD Smart LED TV - 43UQ9000PUD",LG Electronics,$329.99,$379.99,False,5.0,1.0,,,"['Real 4K Display w/ 4K UHD Resolution', 'α5 Gen 5 AI Processor 4K: 4K upscaling & AI Sound Pro', 'Active HDR (HDR10, HLG), Dynamic Tone Mapping, FILMMAKER MODE', 'webOS 22 w/ Magic Remote', 'LG Channels: Free access to programming on over 300+ LG Channels', 'Game Optimizer & Dashboard UHD: ALLM, HGiG']"
Target Deals Website,"LG 65"" Class 4K UHD Smart LED TV - 65UQ9000PUD",LG Electronics,$599.99,$649.99,False,5.0,2.0,,,"['Real 4K Display w/ 4K UHD Resolution', 'Α5 Gen 5 AI Processor 4K: 4K upscaling & AI Sound Pro', 'Active HDR (HDR10, HLG), Dynamic Tone Mapping, FILMMAKER MODE', 'WebOS 22 w/ Magic Remote', 'LG Channels: Free access to programming on over 300+ LG Channels', 'Game Optimizer & Dashboard UHD: ALLM, HGiG']"
Target Deals Website,"LG 50"" Class 4K UHD Smart LED TV - 50UQ9000PUD",LG Electronics,$429.99,$449.99,False,,,,,"['Dimensions (Overall): 25.6 Inches (H) x 44.1 Inches (W) x 2.2 Inches (D)', 'Weight: 25.8 Pounds', 'Electronics Condition: New', 'Aspect Ratio: 16:9 Aspect Ratio', 'Screen Resolution: 2160p', 'Native screen refresh rate: 60 Hz']"
Target Deals Website,"LG 65"" Class 4K UHD Smart Mini LED TV - 65QNED85UQA",LG ElectronicsNew at target¬,"$1,699.99","$1,799.99",False,4.5,8.0,,,"['α7 Gen5 AI Processor 4K', 'Quantum Dot NanoCell Color Technology', 'MiniLED Backlighting', 'Precision Dimming', 'FILMMAKER MODE™, Dolby Vision™ IQ and Dolby Atmos®', 'AI Sound Pro (α7 Gen5 AI Processor)']"
Target Deals Website,"Samsung QN55Q80BA 55"" QLED 4K Smart TV (2022)",Samsung,"$1,097.99","$1,199.99",False,4.8,59.0,,,"['Direct Full Array Backlighting', 'Quantum Processor with 4K Upscaling', 'Quantum HDR 12X', 'Dolby Atmos and Object Tracking Sound', 'Real Depth Enhancer']"
Target Deals Website,"Samsung QN55Q70AA 55"" QLED 4K UHD Smart TV",Samsung,$897.99,"$1,099.99",False,4.7,1276.0,,,"['Quantum Processor 4K', 'Motion Xcelerator Turbo+', 'Dual LED Backlight', '100% Color Volume with Quantum Dot']"
Target Deals Website,Samsung QN55S95BA 55” OLED 4K Smart TV,Samsung,"$1,797.99","$2,199.99",False,4.7,152.0,,,"['OLED Technology', 'Neural Quantum Processor with 4K Upscaling', 'Quantum HDR OLED', 'Dolby Atmos and Object Tracking Sound', 'LaserSlim Design']"
Target Deals Website,"LG 75"" Class 4K UHD Smart LED HDR TV - 75UQ9000PUD",LG Electronics,$899.99,$949.99,False,,,,,"['Real 4K Display w/ 4K UHD Resolution', 'Α5 Gen 5 AI Processor 4K: 4K upscaling & AI Sound Pro', 'Active HDR (HDR10, HLG), Dynamic Tone Mapping, FILMMAKER MODE', 'WebOS 22 w/ Magic Remote', 'LG Channels: Free access to programming on over 300+ LG Channels', 'Game Optimizer & Dashboard UHD: ALLM, HGiG']"
Target Deals Website,"LG 70"" Class 4K UHD Smart LED HDR TV - 70UQ9000PUD",LG Electronics,$749.99,$799.99,False,,,,,"['Real 4K Display w/ 4K UHD Resolution', 'Α5 Gen 5 AI Processor 4K: 4K upscaling & AI Sound Pro', 'Active HDR (HDR10, HLG), Dynamic Tone Mapping, FILMMAKER MODE', 'WebOS 22 w/ Magic Remote', 'LG Channels: Free access to programming on over 300+ LG Channels', 'Game Optimizer & Dashboard UHD: ALLM, HGiG']"
Target Deals Website,"Supersonic SC-2411 24 1080p LED TV, AC/DC Compatible with RV/Boat",Supersonic,$279.99,$329.99,False,,,,,"['1920 x 1080 resolution', '16:9 aspect ratio', '1,000:1 contrast ratio', 'Built-in speakers', 'Built-in dual tuners', '250 nits brightness']"
Target Deals Website,"Supersonic SC-2812 12 Portable LCD TV, AC/DC Compatible with RV/Boat",Supersonic,$133.99,$159.99,False,,,,,"['Built-in digital TV tuner, ATSC/NTSC compliant', '1280 x 800 resolution', 'Selectable screen mode: 16:9', 'Peak brightness: 500 nits', 'Contrast ratio: 300:1', 'Viewing angle: 165deg']"
Target Deals Website,"Supersonic SC-499 9 TFT Portable Digital LCD TV, AC/DC Compatible with RV/Boat",Supersonic,$127.99,$179.99,False,5.0,1.0,,,"['9 widescreen LCD TV', 'Built-in digital TV tuner', 'Built-in lithium rechargeable battery', 'Built-in speakers', '640 x 234 resolution', 'Inputs: component A/V & SD(TM) Card']"
Target Deals Website,SANSUI S50P28UA 50-Inch Class 4K UHD Android Smart LED TV,SANSUI,$549.99,$569.99,False,,,,,"['50 in. 4K UHD TV', 'Android(TM) 9.0 TV with built-in applications', 'Built-in Chromecast(TM) and compatibility with Google Assistant(TM)', 'VESA(R) wall mount compatible']"
Target Deals Website,Supersonic SC-3216STV 32-Inch 720p Smart HDTV,Supersonic,$258.99,$278.99,False,,,,,"['32 in. DLED HD Smart TV', 'Compatible with 1080p/1080i/720p/576p/576i/480p', 'Resolution: 1366 x 768', 'Aspect ratio: 16:9', 'Built-in ATSC and NTSC system', 'Built-in Wi-Fi(R) 802.11 b/g/n']"
Target Deals Website,Supersonic SC-2813 13.3-Inch Portable LED TV with HDMI and FM Radio,Supersonic,$140.99,$199.99,False,,,,,"['13.3 in. widescreen LED TV', 'Built-in digital TV tuner', 'Built-in lithium rechargeable battery', 'Built-in FM radio', 'HDMI(R) input allows user to enjoy high-definition audio and video', 'USB/SD(TM) input compatibility allows user to play video and audio files from an external device']"
Target Deals Website,"Supersonic SC-195 7 TFT Portable Digital LCD TV, AC/DC Compatible with RV/Boat",Supersonic,$97.99,$129.99,False,,,,,"['7 in. widescreen LCD TV', 'Built-in digital TV tuner', 'Built-in speakers', '480 x 234 resolution', '16:9 aspect ratio', 'Built-in lithium rechargeable battery']"
Target Deals Website,"LG 43"" Class 4K UHD Smart LED TV - 43NANO75",LG Electronics,$449.99,$479.99,False,3.8,6.0,,,"['Real 4K NanoCell Display', 'α5 Gen 5 AI Processor 4K', 'webOS 22 w/ Magic Remote', 'LG Channels: Free access to programming on over 300+ LG Channels', 'Home Cinema Experience: Active HDR, HDR10, Filmmaker Mode', 'Ultimate Gameplay: Game Optimizer, ALLM, HGiG']"
Target Deals Website,"LG 55"" Class 4K UHD Smart Mini LED TV - 55QNED85UQA",LG ElectronicsNew at target¬,"$1,299.99","$1,399.99",False,4.3,4.0,,,"['α7 Gen5 AI Processor 4K', 'Quantum Dot NanoCell Color Technology', 'MiniLED Backlighting', 'Precision Dimming', 'FILMMAKER MODE™, Dolby Vision™ IQ and Dolby Atmos®', 'AI Sound Pro (α7 Gen5 AI Processor)']"
Target Deals Website,"Furrion FDUF43CSA 43"" Aurora Full Shade Smart 4K LED Outdoor TV",Furrion,"$1,299.99","$1,549.99",False,,,,,"['Compatible with Furrion outdoor soundbars, mounts and covers', 'IP54-Rated Weatherproof Housing', 'Designed for fully shaded outdoor areas, covered patios and gazebos', '4K Ultra-High Definition', 'Anti-glare 400-Nit LED Screen']"
